{
	"slidepics": {
		"value": [{
			"title": "banner",
			"image": "images/banner.jpg",
			"link": "article/1.html",
			"description": "banner1"
		}, {
			"title": "测试图2",
			"image": "images/banner.jpg",
			"link": "http://www.baidu.com"
		},{
			"title": "测试图3",
			"image": "images/banner.jpg",
			"link": "http://www.baidu.com"
		}],
		"description": "banner图",
		"type": "images",
		"config": {
			"width": 1920,
			"height": 400
		}
	},
	"slidepics2": {
		"value": [{
			"title": "banner",
			"image": "images/abanner.jpg",
			"link": "article/1.html",
			"description": "banner1"
		}, {
			"title": "测试图2",
			"image": "images/nbanner.jpg",
			"link": "http://www.baidu.com"
		},{
			"title": "测试图3",
			"image": "images/pbanner.jpg",
			"link": "http://www.baidu.com"
		}],
		"description": "内页banner图",
		"type": "images",
		"config": {
			"width": 1920,
			"height": 300
		}
	},	
	"pagenavss": {
		"value": {},
		"description": "侧边栏目列表（当前栏目无子栏目时展示的目标栏目）",
		"type": "list",
		"config": {
			"filter": "list,page",
			"mustchild": true
		}
	},
	"teltext":{
		"value":"服务热线:",
		"description":"服务热线标题",
		"type":"text"
		},
	"con":{
		"value":{},
		"description":"只能绑定联系方式",
		"type":"page",
		"config": {
			"width": 200,
			"height": 102
		}
	},
	"links": {
		"value": [{
			"title": "厦门易尔通网络科技有限公司",
			"image": "images/1.jpg",
			"link": "article/1.html",
			"description": "友情链接1"
		}, {
			"title": "百度糯米",
			"image": "images/2.jpg",
			"link": "http://www.baidu.com",
			"description":"友情链接2"
		},{
			"title": "贴吧",
			"image": "images/3.jpg",
			"link": "http://www.baidu.com",
			"description":"友情链接3"
		},
		{
			"title": "新浪微博",
			"image": "images/3.jpg",
			"link": "http://www.baidu.com",
			"description":"友情链接5"
		},
		{
			"title": "腾讯",
			"image": "images/3.jpg",
			"link": "http://www.baidu.com",
			"description":"友情链接6"
		}
		],
		"description": "页脚友情链接",
		"type": "images"
	}
	
}