{
	"ggtitle":{
		"value":"公告",
		"description":"banner下方公告标题",
		"type":"text"
		},
	"ggcon":{
		"value":"欢迎某某公司正式成立",
		"description":"banner下方公告内容",
		"type":"textarea"
		},	
	"contact":{
		"value":"地址：厦门市软件园二期观日路36号201单元\n\r电话：4000-127-808\n\r传真：0592-3503377\n\r邮箱：tousu@xm12t.com ",
		"description":"首页联系方式",
		"type":"textarea"
	},
	"con":{
		"value":{
			"image":"images/contact.jpg"
			},
		"description":"只能绑定联系方式",
		"type":"page"
	},
	"about": {
		"description": "单页面(关于我们)",
		"value": {},
		"type": "page",
		"config": {
			"nav_width": 280,
		    "nav_height": 130
		}
	},
	"news":{
		"description": "新闻中心",
		"value": {},
		"type": "list",
		"config": {
			"star_only": true	
		}	
	},
	"pro":{
		"description": "(图片列表)产品展示",
		"value": {},
		"type": "list",
		"config": {
			"star_only": true,
			"width":210,
			"height":172
		}
	}
}