{
	"slidepics": {
		"value": [{
			"title": "banner",
			"image": "images/banner.jpg",
			"link": "article/1.html",
			"description": "banner1"
		}, {
			"title": "测试图2",
			"image": "images/banner.jpg",
			"link": "http://www.baidu.com"
		},{
			"title": "测试图3",
			"image": "images/banner.jpg",
			"link": "http://www.baidu.com"
		}],
		"description": "首页头部大图",
		"type": "images",
		"config": {
			"width": 1920,
			"height": 520
		}
	},
	"product":{
		"description": "首页图片列表一",
		"value": {},
		"type": "list",
		"config": {
			"showchilddata":true,
			"star_only": true,
			"width": 233,
			"height": 218
		}
	},
	"about": {
		"description": "单页面(关于我们)",
		"value": {},
		"type": "page",
		"config": {
			"nav_width": 600,
			"nav_height": 318
		}
	},
	"business":{
		"description": "案例书签展示",
		"value": {},
		"type": "list",
		"config": {
			"showchilddata":true,
			"star_only": true,
			"width": 320,
			"height": 200
		}
	},
	"news":{
		"description": "新闻列表",
		"value": {},
		"type": "list",
		"config": {
			"showchilddata":true,
			"star_only": true,
			"width": 307,
			"height": 202
		}
	},
	"pic": {
		"value": [{
			"title": "banner",
			"image": "images/pic.jpg",
			"link": "article/1.html",
			"description": "pic1"
		}, {
			"title": "测试图2",
			"image": "images/pic.jpg",
			"link": "http://www.baidu.com"
		},{
			"title": "测试图3",
			"image": "images/pic.jpg",
			"link": "http://www.baidu.com"
		}],
		"description": "首页头部大图",
		"type": "images",
		"config": {
			"width": 340,
			"height": 421
		}
	},
	"links": {
		"value": [{
			"title": "易尔通",
			"image": "images/link-01.jpg",
			"link": "http://www.12t.cn/default.html",
			"description": "易尔通"
		},{
			"title": "百度贴吧",
			"image": "images/link-02.jpg",
			"link": "http://tieba.baidu.com/",
			"description": "百度贴吧"
		},{
			"title": "人人网",
			"image": "images/link-03.jpg",
			"link": "http://www.renren.com/",
			"description": "人人网"
		},{
			"title": "新浪微博",
			"image": "images/link-04.jpg",
			"link": "http://weibo.com/",
			"description": "新浪微博"
		},{
			"title": "腾讯微博",
			"image": "images/link-05.jpg",
			"link": "http://t.qq.com/",
			"description": "腾讯微博"
		},{
			"title": "天涯社区",
			"image": "images/link-06.jpg",
			"link": "http://www.tianya.cn/",
			"description": "天涯社区"
		},{
			"title": "汽车之家",
			"image": "images/link-07.jpg",
			"link": "http://www.autohome.com.cn/beijing/",
			"description": "汽车之家"
		},{
			"title": "太平洋保险",
			"image": "images/link-08.jpg",
			"link": "http://www.ecpic.com.cn/",
			"description": "太平洋保险"
		}],
		"description": "友情链接",
		"type": "images",
		"config": {
			"width":90,
			"height":38
		}
	}
}