{
		

		"news":{
		"description": "新闻中心",
		"value": {},
		"type": "list"
		
	}    ,  
	
	
		"products":{
		"description": "产品中心",
		"value": {},
		"type": "list",
		"config": {
			"width":95,
			"height":95
		}
	}    ,    	

		"contact": {
	    "value": {},
		"description": "联系我们",		
		"type": "page",		
		"config": {
			"nav_width":270,
			"nav_height":54
		}
		
	}     ,    
	

	"contactus":{
        "value": "电话:0592-7083933\r\n 手  机:1379978730\r\n 联系人:谢先生\r\n 传  真:0592-5535933\r\n 邮  箱：jms_jx@126.com \r\n 地址：厦门软件园二期观日路52号A栋201A\r\n 工厂地址：厦门市翔安区新",
		"description": "联系方式",
		"type": "textarea"
	}  


	



	
}
