{
	"slidepics": {
		"value": [{
			"title": "测试图1",
			"image": "images/slide_1.jpg",
			"link": "http://www.baidu.com"
		}, {
			"title": "测试图2",
			"image": "images/slide_1.jpg",
			"link": "http://www.baidu.com"
		}],
		"description": "大轮滚图",
		"type": "images",
		"config": {
			"width": 640,
			"height": 290,
			"limit": 2
		}
	},
	"contact_us": {
		"value": {
			"title": "XXX企业",
			"image": "images/contact.jpg",
			"link": "http://www.baidu.com/"
		},
		"description": "首页联系我们模块下的三角形图片",
		"type": "image",
		"config": {
			"width":325,
			"height": 399
		}
	}
}