{
	
	"slidepics": {
		"value": [{
			"title": "banner",
			"image": "images/banner.jpg",
			"link": "article/1.html",
			"description": "banner1"
		}, {
			"title": "测试图2",
			"image": "images/banner2.jpg",
			"link": "http://www.baidu.com"
		},{
			"title": "测试图3",
			"image": "images/banner.jpg",
			"link": "http://www.baidu.com"
		}],
		"description": "内页多图轮播",
		"type": "images",
		"config": {
			"width": 1920,
			"height": 410
		
		}
	},
	
	
	

			
"contactus":{
        "value": "电 话:0592-7083933\r\n 手  机:1379978730\r\n 联系人:谢先生\r\n 传  真:0592-5535933\r\n 邮  箱：jms_jx@126.com \r\n 地址：厦门软件园二期观日路52号A栋201A\r\n 工厂地址：厦门市翔安区新",
		"description": "联系方式",
		"type": "textarea"
		
	},

	
	
			
	"contact_us": {
		"description": "联系我们绑定",
		"value": {},
		"type": "page"
		

	}
	
	
	
	
	
}