{
	"bottom_navs": {
		"value": [{
			"name": "电话",
			"icon": "&#xe602;",
			"image": "icon/f_i3.png",
			"data": "0592- ",
			"type": "tel",
			"enable": 1
		}, {
			"name": "短信",
			"icon": "&#xe604;",
			"image": "icon/f_i4.png",
			"data": "13489990000",
			"type": "sms",
			"enable": 1
		},{
			"name": "咨询",
			"icon": "&#xe606;",
			"image": "icon/f_i4.png",
			"data": "2079023776",
			"type": "im",
			"enable": 1
		}, {
			"name": "地图",
			"icon": "&#xe605;",
			"image": "icon/f_i5.png",
			"data": "http://map.baidu.com",
			"type": "link",
			"enable": 1
		}],
		"description": "自定义底部导航",
		"type": "quickbar"
	}
}