{
	"slidepics": {
		"value": [{
			"title": "测试图1",
			"image": "images/banner.jpg",
			"link": "http://www.baidu.com"
		}, {
			"title": "测试图2",
			"image": "images/banner.jpg",
			"link": "http://www.baidu.com"
		},{
			"title": "测试图3",
			"image": "images/banner.jpg",
			"link": "http://www.baidu.com"
		}],
		"description": "大轮滚图",
		"type": "images",
		"config": {
			"width": 640,
			"height": 286
		}
	},
	"about": {
		    "value": {
				"title": "关于我们背景图",
				"image": "images/ab.jpg",
				"link": "list-page.html",
				"description": "关于我们背景图（单图）"
		    },
			"description": "关于我们背景图（单图）",
			"type": "image",
			"config": {
				"width":640,
				"height":354
			    }
	}
	
}