{
	"contact": {
		"value": "地址：软件园二期观日路36号201号\r\n电话：0592-23232232\r\n传真：0592-23232232\r\nE-mail：01@eexx.me\r\n",
		"description": "联系我们",
		"type": "textarea"
	},
	"img": {
		"value": {
			"title": "二维码",
			"image": "images/ewm_22.jpg",
			"link": "#"
		},
		"description": "二维码",
		"type": "image",
		"config": {
			"height": 116
		}
		
	},
	"li": {
		"value": {},
		"description": "产品列表",
		"type": "list",
		"config": {
			"width": 150,
			"height": 132,
			"star_only": true
		}
		
	}
}