{
	"list1": {
		"value": {},
		"description": "图片栏目列表",
		"type": "list",
		"config": {
			"width": 192,
			"height": 170,
			"star_only": true
		}
	},
	"list2": {
		"value": {},
		"description": "新闻栏目列表",
		"type": "list",
		"config": {
			"width": 172,
			"height": 135,
			"star_only": true
		}
	},
	"list3": {
		"value": {},
		"description": "图片栏目列表",
		"type": "list",
		"config": {
			"width": 218,
			"height": 192,
			"star_only": true
		}
	},
	"list4": {
		"value": {},
		"description": "关于我们",
		"type": "page"		
	}

}


