{
    "slidepics": {
        "value": [
            {
                "title": "banner",
                "image": "images/banner.jpg",
                "link": "www.baidu.com",
                "description": "banner1"
            }, {
                "title": "banner",
                "image": "images/banner.jpg",
                "link": "www.baidu.com",
                "description": "banner2"
            }, {
                "title": "banner",
                "image": "images/banner.jpg",
                "link": "www.baidu.com",
                "description": "banner3"
            }],
        "description": "首页轮播",
        "type": "images",
        "config": {
            "width":  640,
            "height": 480
        }
    },
    "nbanner": {
        "value": [
            {
                "title": "banner",
                "image": "images/header_banner.jpg",
                "link": "www.baidu.com",
                "description": "banner1"
            }, {
                "title": "banner",
                "image": "images/header_banner.jpg",
                "link": "www.baidu.com",
                "description": "banner2"
            }, {
                "title": "banner",
                "image": "images/header_banner.jpg",
                "link": "www.baidu.com",
                "description": "banner3"
            }],
        "description": "首页轮播",
        "type": "images",
        "config": {
            "width":  640,
            "height": 400
        }
    }
}