{
	"slidepics": {
		"value": [{
			"title": "banner",
			"image": "images/banner.jpg",
			"link": "article/1.html",
			"description": "banner1"
		}, {
			"title": "测试图2",
			"image": "images/banner.jpg",
			"link": "http://www.baidu.com"
		},{
			"title": "测试图3",
			"image": "images/banner.jpg",
			"link": "http://www.baidu.com"
		}],
		"description": "导航下方的大图轮播（banner）",
		"type": "images",
		"config": {
			"width": 400,
			"limit": 6
		}
	},
	"class_tab":{
		"value":{},
		"type":"list",
		"description":"首页图片列表分类切换"
	},
	"admin":{
		"value":"admin",
		"type":"text",
		"description":"文章作者"
	},
	"in_nav":{
		"value":{},
		"type":"list",
		"description":"搜索页分类",
		"config": {
			"width": 275,
			"limit": 136
		}
	}		
}