{

	"slidepics": {
		"value": [{
			"title": "banner",
			"image": "images/banner.png",
			"link": "article/1.html",
			"description": "banner1"
		}, {
			"title": "测试图2",
			"image": "images/banner.png",
			"link": "http://www.baidu.com"
		},{
			"title": "测试图3",
			"image": "images/banner.png",
			"link": "http://www.baidu.com"
		}],
		"description": "头部大轮滚图",
		"type": "images",
		"config": {
			"width": 1920,
			"height":644
		}
	},
	"banner2":{
		"value": {
			"title": "内页静态大图",
			"image": "images/banner2.png",
			"link": "http://www.baidu.com/"
			},
		"description": "内页静态大图",
		"type": "image",
		"config": {
			"width":1920,
			"height":250
		}
	},
	"slidepics2": {
		"value": [{
			"title": "banner",
			"image": "images/banner3.png",
			"link": "article/1.html",
			"description": "banner1"
		}, {
			"title": "测试图2",
			"image": "images/banner3.png",
			"link": "http://www.baidu.com"
		},{
			"title": "测试图3",
			"image": "images/banner3.png",
			"link": "http://www.baidu.com"
		}],
		"description": "内页头部大轮滚图",
		"type": "images",
		"config": {
			"width": 1920,
			"height":476
		}
	},
	"links": {
		"value": [{
			"title": "中国站长站",
			"image": "images/link1.png",
			"link": "article/1.html",
			"description": "友情链接1"
		}],
		"description": "友情链接",
		"type": "images"
	}
	
	
}