{
	"intro":{
		"description": "课程介绍",
		"value": {},
		"type": "list",
		"config": {
			"nav_height":328,
			"nav_width":503
		}
	},
	"icon1":{
		"value": {
			"title": "课程图标1",
			"image": "images/icon1.png",
			"link": "http://www.baidu.com/"
			},
		"description": "课程图标1",
		"type": "image",
		"config": {
			"width":35,
			"height":35
		}
	},
	"icon2":{
		"value": {
			"title": "课程图标1",
			"image": "images/icon2.png",
			"link": "http://www.baidu.com/"
			},
		"description": "课程图标2",
		"type": "image",
		"config": {
			"width":35,
			"height":35
		}
	},
	"icon3":{
		"value": {
			"title": "课程图标1",
			"image": "images/icon3.png",
			"link": "http://www.baidu.com/"
			},
		"description": "课程图标3",
		"type": "image",
		"config": {
			"width":35,
			"height":35
		}
	},
	"icon4":{
		"value": {
			"title": "课程图标1",
			"image": "images/icon4.png",
			"link": "http://www.baidu.com/"
			},
		"description": "课程图标4",
		"type": "image",
		"config": {
			"width":35,
			"height":35
		}
	},
	"book":{
		"description": "课程预约",
		"value": {},
		"type": "page"	
	},
	"word":{
		"value": "蒙特梭利：“人自身必须成为教育的中心，而且永远不可忘：人不是在大学时代发展其心智，而是在诞生之时就开始了心智的成长。”",
		"description": "标语",
		"type": "textarea"
	},	
	"banner2":{
		"value": {
			"title": "广告图",
			"image": "images/banner2.png",
			"link": "http://www.baidu.com/"
			},
		"description": "静态banner图",
		"type": "image",
		"config": {
			"width":1000,
			"height":102
		}
	},
	"class": {
		"description": "课堂风采",
		"value": {},
		"type": "list",
		"config": {
			"height":280,
			"width":657
		}
	},
	"news":{
		"description": "热点聚焦",
		"value": {},
		"type": "list",
		"config": {
			"height":207,
			"width":243
		}
	},
	"pro":{
		"description": "金牌课程",
		"value": {},
		"type": "list",
		"config": {
			"height":120,
			"width":165
		}
	},
	"contact":{
		"description": "联系我们",
		"value": {},
		"type": "page"
	},
	"img1":{
		"value": {
			"title": "广告图",
			"image": "images/img1.png",
			"link": "http://www.baidu.com/"
			},
		"description": "自定义图片1",
		"type": "image",
		"config": {
			"width":86,
			"height":117
		}
	},
	"img2":{
		"value": {
			"title": "广告图",
			"image": "images/img2.png",
			"link": "http://www.baidu.com/"
			},
		"description": "自定义图片2",
		"type": "image",
		"config": {
			"width":357,
			"height":295
		}
	}
	
	
	
}
               


