{
	"slidepics": {
		"value": [{
			"title": "banner",
			"image": "images/1470622964kTCc.jpg",
			"link": "article/1.html",
			"description": "banner1"
		}, {
			"title": "测试图2",
			"image": "images/banner.jpg",
			"link": "http://www.baidu.com"
		},{
			"title": "测试图3",
			"image": "images/banner.jpg",
			"link": "http://www.baidu.com"
		}],
		"description": "导航下方的大图轮播（banner）",
		"type": "images",
		"config": {
			"width": 1920,
			"height": 584,
			"limit": 6
		}
	},
	"links": {
		"value": [{
			"title": "厦门易尔通",
			"image": "http://tb2.bdstatic.com/tb/static-common/img/search_logo_big_282cef2.gif",
			"link": "http://www.12t.cn"
		}, {
			"title": "百度",
			"image": "http://img0.bdstatic.com/static/common/widget/search_box_search/logo/logo_3b6de4c.png",
			"link": "http://www.baidu.com"
		}],
		"description": "友情链接",
		"type": "images",
		"config": {
			"width": 100,
			"height": 60
		}
	}
	
	
}