{
	
    "about_us": {
		"description": "左侧内容单页（如关于我们栏目）",
		"value": {},
		"type": "page",
			"config": {
			"nav_width": 61,
			"nav_height": 129
		}

	},
	"news":{
		"description": "中间部分文字列表页（如新闻栏目）",
		"value": {},
		"type": "list",
		"config":{
			"showchilddata":"true"
		}	

	},
	"pro":{
		"description":"右侧图片列表(如产品展示)",
		"value":{},
		"type":"list",
		"config": {
			"width": 192,
			"height": 139
		}

	}
}
               



