{
	"quhao":{
		"value":"0592",
		"description":"区号",
		"type":"text"
	},
	"num":{
		"value":"3503575",
		"description":"号码",
		"type":"text"
	},
	"wb":{
		"value":"1242837564",
		"description":"要关注的微博ID",
		"type":"text"
	},
	"slidepics":{
		"value":[{
			"title":"banner1",
			"image":"images/banner.jpg",
			"link":"content-product.html"
			},{
			"title":"banner2",
			"image":"images/banner.jpg",
			"link":"content-product.html"
			},{
			"title":"banner3",
			"image":"images/banner.jpg",
			"link":"content-product.html"
				}],
		"description":"轮播大图",
		"type":"images",
		"config":{
			"width":1920,
			"height":400
		}
	},
	"erweima":{
		"value":{
			"title":"扫码关注微信公众号",
			"image":"images/erweima.jpg",
			"link":"www.baidu.com"
			},
		"description":"页面底部二维码",
		"type":"image",
		"config":{
			"width":104,
			"height":100
		}
	},
	"pagenavs":{
		"value":{},
		"description":"侧边栏目列表",
		"type":"list",
		"config":{
			"filter":"list,page",
			"mustchild":true
		}
	}
}