{
	"slidepics":{
		"value":[{
			"title":"banner1",
			"image":"images/banner_1.jpg",
			"link":"content-product.html"
			},{
			"title":"banner2",
			"image":"images/banner_2.jpg",
			"link":"content-product.html"
			},{
			"title":"banner3",
			"image":"images/banner_1.jpg",
			"link":"content-product.html"
				}],
		"description":"首页轮播大图",
		"type":"images",
		"config":{
			"width":1920,
			"height":700
		}
	},
	"about":{
		"description": "首页第一栏目，关于我们",
		"value": {},
		"type": "page",
		"config": {
			"nav_width": 490,
			"nav_height": 350
		}
	},
	"pros":{
		"description": "首页第二栏目，产品中心",
		"value": {},
		"type": "list",
		"config": {
			"star_only": true,
			"width": 338,
			"height": 268
		}
	},
	"news":{
		"description": "首页第三栏目，新闻中心",
		"value": {},
		"type": "list",
		"config": {
			"star_only": true,
			"width": 568,
			"height": 266
		}
	},
	"linkK":{
		"description": "首页第四栏目，友情链接",
		"value":[{
			"title":"banner1",
			"image":"images/banner.jpg",
			"link":"content-product.html"
			}],
		"type": "images",
		"config": {
			"width": 173,
			"height": 78
		}
	},
	"val":{
		"description": "banner下轮播图，1开启，默认关闭",
		"value":"0",
		"type": "text"
	},
	"imgs":{
		"value":[{
			"title":"轮播图片",
			"image":"images/banner.jpg",
			"link":" "
			},{
				"title":"轮播图片",
				"image":"images/banner.jpg",
				"link":" "
			},{
				"title":"轮播图片",
				"image":"images/banner.jpg",
				"link":" "
			},{
				"title":"轮播图片",
				"image":"images/banner.jpg",
				"link":" "
			},{
				"title":"轮播图片",
				"image":"images/banner.jpg",
				"link":" "
			}],
		"description": "首页banner图下轮播图",
		"type": "images",
		"config":{
			"width": 273,
			"height": 268
		}
	}
}