{	
	"hotline": {
		"value": "Consulting Hotline：",
		"description": "头部热线",
		"type": "text"
	},
	"slidepics": {
		"value": [{
			"title": "测试图1",
			"image": "images/banner_02.jpg",
			"link": "http://www.baidu.com"
		}, {
			"title": "测试图2",
			"image": "images/banner_02.jpg",
			"link": "http://www.baidu.com"
		}, {
			"title": "测试图3",
			"image": "images/banner_02.jpg",
			"link": "http://www.baidu.com"
		}],
		"description": "大轮滚图",
		"type": "images",
		"config": {
			"width": 1920,
			"height": 352
		}
	},
	"contact": {
		"value": {},
		"description": "底部上方单页面以及内页左侧下方单页面",
		"type": "page",
		"config": {
			"nav_width": 454,
			"nav_height": 175
		}	
	},
	"content": {
		"value": "Company Address：Xiamen Amoy area concept of software park phase ii, road 36, 201 units\r\nTelephone：0592-3503777\r\nFax：0592-3503003\r\nE-mail：tousu@xm12t.com",
		"description": "底部上方右侧单页面内容",
		"type": "textarea"
	},
	"conts": {
		"value": "<em>400-807-9400</em><span>Customer Hotline：(Working Hours9:00 - 18:00)</span><p>Xiamen Amoy area concept of software park phase ii, road 36, 201 units</p>",
		"description": "内页左侧下方单页面内容",
		"type": "textarea"
	},
	"link": {
		"value": [{
			"title": "Baidu",
			"image": "",
			"link": "http://www.baidu.com"
		}, {
			"title": "Yi Er Tong",
			"image": "",
			"link": "http://www.12t.cn"
		},{
			"title": "Baidu",
			"image": "",
			"link": "http://www.baidu.com"
		}, {
			"title": "Yi Er Tong",
			"image": "",
			"link": "http://www.12t.cn"
		}],
		"description": "底部友情链接",
		"type": "images"
	}
}