{   
	"slidepics": {
		"value": [{
			"title": "测试图1",
			"image": "images/banner.jpg",
			"link": "http://www.baidu.com"
		}, {
			"title": "测试图2",
			"image": "images/banner.jpg",
			"link": "http://www.baidu.com"
		}, {
			"title": "测试图3",
			"image": "images/banner.jpg",
			"link": "http://www.baidu.com"
		}],
		"description": "大轮滚图",
		"type": "images",
		"config": {
			"width": 1920,
			"height": 563
		}
	},
	"page": {
		"value": {},
		"description": "banner下方单页面",
		"type": "page",
		"config": {
			"nav_width": 485,
			"nav_height": 235
		}	
	},
	"quick": {
		"value": {},
		"description": "中间快捷栏目",
		"type": "list",
		"config":{
			"filter":"page,list",
			"nav_width": 88,
			"nav_height": 88
		}	
	},
	"pro": {
		"value": {},
		"description": "中间图片列表",
		"type": "list",
		"config": {
			"width": 317,
			"height": 268
		}	
	},	
	"newslist": {
		"value": {},
		"description": "底部上方图文列表",
		"type": "list",
		"config": {
			"width": 132,
			"height": 132
		}	
	}
}


