{

	"pro_list":{
		"description":"首页侧边栏导航",
		"value":{},
		"type":"list"
	}
		,

	
	
"about": {
	    "value": {},
		"description": "关于我们",
		
		"type": "page",	
		
		"config": {
			"nav_width":200,
			"nav_height":150
		}
		
},	
	
"pro":{
		"description": "产品展示",
		"value": {},
		"type": "list",
		"config": {
			"width": 178,
			"height": 178
			
		}
		
	},




"news":{
		"description": "新闻中心",
		"value": {},
		"type": "list"

		
			
	},
	
	"case":{
		"description": "案例展示",
		"value": {},
		"type": "list",
		"config": {
			"width": 220,
			"height": 220
			
		}
		
	}



}
