{
	"site_url": "",
	"site_another_url": "#此刻已跳转到与viewport相符的显示界面",
	"search_action": "searchresult.html",
	"title": "厦门纽巴客汽车设备有限公司",
	"keywords": "关键词A,关键词B,关键词C",
	"description": "这是这个页面的描述，这是一大段的描述语句，里面有很多的内容，多写点 多写点...",
	"logo": "images/logo.png",
	"favicon": "images/favicon.ico",
	"stylecolor": "green",
	"footprint": "copyright 2014-2015",
	"footscript": "<!-- 这里将会输出底部脚本代码 -->",
	"headscript": "<!-- 这里将会输出头部脚本代码 -->",
	"navs": [
		{

			"name": "关于我们",
			"en_name": "ABOUT US",
			"link": "list-page.html?id=1",
			"image": "http://chanpin.xm12t.com.cn/images/cat_01.jpg",
			"description": "我司是国内最早从事汽车玻璃钢配件研发及制作的企业厂商之一，现为金龙联合汽车工业有限公司、金龙旅行车有限公司等整车制造企业玻璃钢配件的主要供应商。公司已先后通过ISO9001：2008质量管理体系认证、中国船级社的CCS工厂认证及产品CE认证，2011年被认定为“高新技术企业”。 2013年起我司成立了专用车事业部，专业从事冷藏车、房车、商务车、采血车等的改装和销售，现已和国内多家知名供应商合作....",
			"current": 0,
			"lastest": null,
			"type": 4,
			"childmenu":null
		},
		{
			"name": "新闻中心",
			"en_name": "NEWS",
			"link": "list-text.html?id=2",
			"image": "http://chanpin.xm12t.com.cn/images/cat_01.jpg",
			"current": 0,
			"lastest": [
				{
					"title": "[台湾自由行4天3夜]",
					"image": "http://chanpin.xm12t.com.cn/images/tourlist/img1.jpg",
					"link": "content-news.html",
					"description": "意大利（庞贝古城 卡普里岛 奥尔维耶托 亚西西）欧洲深度探索漫游之旅10天",
					"pubdate": "2014-12-25",
					"pubtimestamp": 1419487200,
					"category": {
						"name": "导航A",
						"en_name": "Nav A",
						"link": "list-imagetext.html"
					}
				},
				{
					"title": "[曼谷-芭提雅-泰国双飞5日游]",
					"image": "http://chanpin.xm12t.com.cn/images/tourlist/img2.jpg",
					"link": "content-news.html",
					"description": "暹罗剧场表演（列入金氏世界記錄的舞台）暹罗梦幻剧场是泰国规模最大的宏伟华丽剧院，剧场设",
					"pubdate": "2014-12-25",
					"pubtimestamp": 1419487200,
					"category": {
						"name": "导航A",
						"en_name": "Nav A",
						"link": "list-imagetext.html"
					}
				},
				{
					"title": "[雅加达-巴厘岛6日游]",
					"image": "http://chanpin.xm12t.com.cn/images/tourlist/img3.jpg",
					"link": "content-news.html",
					"description": "第一天下午3点福州长乐国际机场集中，度假去喽！怀着一颗期待已",
					"pubdate": "2014-12-25",
					"pubtimestamp": 1419487200,
					"category": {
						"name": "导航A",
						"en_name": "Nav A",
						"link": "list-imagetext.html"
					}
				},
				{
					"title": "[台湾自由行4天3夜]",
					"image": "http://chanpin.xm12t.com.cn/images/tourlist/img4.jpg",
					"link": "content-news.html",
					"description": "意大利（庞贝古城 卡普里岛 奥尔维耶托 亚西西）欧洲深度探索漫游之旅10天",
					"pubdate": "2014-12-25",
					"pubtimestamp": 1419487200,
					"category": {
						"name": "导航A",
						"en_name": "Nav A",
						"link": "list-imagetext.html"
					}
				},
				{
					"title": "[台湾自由行4天3夜]",
					"image": "http://chanpin.xm12t.com.cn/images/tourlist/img5.jpg",
					"link": "content-news.html",
					"description": "意大利（庞贝古城 卡普里岛 奥尔维耶托 亚西西）欧洲深度探索漫游之旅10天",
					"pubdate": "2014-12-25",
					"pubtimestamp": 1419487200,
					"category": {
						"name": "导航A",
						"en_name": "Nav A",
						"link": "list-imagetext.html"
					}
				},
				{
					"title": "[台湾自由行4天3夜]",
					"image": "http://chanpin.xm12t.com.cn/images/tourlist/img6.jpg",
					"link": "content-news.html",
					"description": "意大利（庞贝古城 卡普里岛 奥尔维耶托 亚西西）欧洲深度探索漫游之旅10天",
					"pubdate": "2014-12-25",
					"pubtimestamp": 1419487200,
					"category": {
						"name": "导航A",
						"en_name": "Nav A",
						"link": "list-imagetext.html"
					}
				},
				{
					"title": "[台湾自由行4天3夜]",
					"image": "http://chanpin.xm12t.com.cn/images/tourlist/img7.jpg",
					"link": "content-news.html",
					"description": "意大利（庞贝古城 卡普里岛 奥尔维耶托 亚西西）欧洲深度探索漫游之旅10天",
					"pubdate": "2014-12-25",
					"pubtimestamp": 1419487200,
					"category": {
						"name": "导航A",
						"en_name": "Nav A",
						"link": "list-imagetext.html"
					}
				},
				{
					"title": "[台湾自由行4天3夜]",
					"image": "http://chanpin.xm12t.com.cn/images/tourlist/img8.jpg",
					"link": "content-news.html",
					"description": "意大利（庞贝古城 卡普里岛 奥尔维耶托 亚西西）欧洲深度探索漫游之旅10天",
					"pubdate": "2014-12-25",
					"pubtimestamp": 1419487200,
					"category": {
						"name": "导航A",
						"en_name": "Nav A",
						"link": "list-imagetext.html"
					}
				},
				{
					"title": "[台湾自由行4天3夜]",
					"image": "http://chanpin.xm12t.com.cn/images/tourlist/img9.jpg",
					"link": "content-news.html",
					"description": "意大利（庞贝古城 卡普里岛 奥尔维耶托 亚西西）欧洲深度探索漫游之旅10天",
					"pubdate": "2014-12-25",
					"pubtimestamp": 1419487200,
					"category": {
						"name": "导航A",
						"en_name": "Nav A",
						"link": "list-imagetext.html"
					}
				},
				{
					"title": "[台湾自由行4天3夜]",
					"image": "http://chanpin.xm12t.com.cn/images/tourlist/img10.jpg",
					"link": "content-news.html",
					"description": "意大利（庞贝古城 卡普里岛 奥尔维耶托 亚西西）欧洲深度探索漫游之旅10天",
					"pubdate": "2014-12-25",
					"pubtimestamp": 1419487200,
					"category": {
						"name": "导航A",
						"en_name": "Nav A",
						"link": "list-imagetext.html"
					}
				},
				{
					"title": "这是一篇测试文章",
					"image": "http://chanpin.xm12t.com.cn/images/art_02.jpg",
					"link": "content-news.html",
					"description": "今天天气不错，挺风和日丽的...",
					"pubdate": "2014-12-25",
					"pubtimestamp": 1419487200,
					"category": {
						"name": "导航A",
						"en_name": "Nav A",
						"link": "list-imagetext.html"
					}
				},
				{
					"title": "这是一篇测试文章",
					"image": "http://chanpin.xm12t.com.cn/images/art_02.jpg",
					"link": "content-news.html",
					"description": "今天天气不错，挺风和日丽的...",
					"pubdate": "2014-12-25",
					"pubtimestamp": 1419487200,
					"category": {
						"name": "导航A",
						"en_name": "Nav A",
						"link": "list-imagetext.html"
					}
				}
			],
			"type": 3,
			"childmenu": [
				{
					"name": "精选景点",
					"en_name": "Seleted Attractions",
					"link": "list-image.html?id=8",
					"image": "http://chanpin.xm12t.com.cn/images/cat_01.jpg",
					"description": "这是栏目的一段描述...",
					"current": 0,
					"lastest": [
						{
							"title": "[台湾自由行4天3夜]",
							"image": "http://chanpin.xm12t.com.cn/images/tourlist/img1.jpg",
							"link": "content-news.html",
							"description": "意大利（庞贝古城 卡普里岛 奥尔维耶托 亚西西）欧洲深度探索漫游之旅10天",
							"pubdate": "2014-12-25",
							"pubtimestamp": 1419487200,
							"category": {
								"name": "导航A",
								"en_name": "Nav A",
								"link": "list-imagetext.html"
							}
						},
						{
							"title": "[曼谷-芭提雅-泰国双飞5日游]",
							"image": "http://chanpin.xm12t.com.cn/images/tourlist/img2.jpg",
							"link": "content-news.html",
							"description": "暹罗剧场表演（列入金氏世界記錄的舞台）暹罗梦幻剧场是泰国规模最大的宏伟华丽剧院，剧场设",
							"pubdate": "2014-12-25",
							"pubtimestamp": 1419487200,
							"category": {
								"name": "导航A",
								"en_name": "Nav A",
								"link": "list-imagetext.html"
							}
						},
						{
							"title": "[雅加达-巴厘岛6日游]",
							"image": "http://chanpin.xm12t.com.cn/images/tourlist/img3.jpg",
							"link": "content-news.html",
							"description": "第一天下午3点福州长乐国际机场集中，度假去喽！怀着一颗期待已",
							"pubdate": "2014-12-25",
							"pubtimestamp": 1419487200,
							"category": {
								"name": "导航A",
								"en_name": "Nav A",
								"link": "list-imagetext.html"
							}
						},
						{
							"title": "[台湾自由行4天3夜]",
							"image": "http://chanpin.xm12t.com.cn/images/tourlist/img4.jpg",
							"link": "content-news.html",
							"description": "意大利（庞贝古城 卡普里岛 奥尔维耶托 亚西西）欧洲深度探索漫游之旅10天",
							"pubdate": "2014-12-25",
							"pubtimestamp": 1419487200,
							"category": {
								"name": "导航A",
								"en_name": "Nav A",
								"link": "list-imagetext.html"
							}
						},
						{
							"title": "[台湾自由行4天3夜]",
							"image": "http://chanpin.xm12t.com.cn/images/tourlist/img5.jpg",
							"link": "content-news.html",
							"description": "意大利（庞贝古城 卡普里岛 奥尔维耶托 亚西西）欧洲深度探索漫游之旅10天",
							"pubdate": "2014-12-25",
							"pubtimestamp": 1419487200,
							"category": {
								"name": "导航A",
								"en_name": "Nav A",
								"link": "list-imagetext.html"
							}
						},
						{
							"title": "[台湾自由行4天3夜]",
							"image": "http://chanpin.xm12t.com.cn/images/tourlist/img6.jpg",
							"link": "content-news.html",
							"description": "意大利（庞贝古城 卡普里岛 奥尔维耶托 亚西西）欧洲深度探索漫游之旅10天",
							"pubdate": "2014-12-25",
							"pubtimestamp": 1419487200,
							"category": {
								"name": "导航A",
								"en_name": "Nav A",
								"link": "list-imagetext.html"
							}
						},
						{
							"title": "[台湾自由行4天3夜]",
							"image": "http://chanpin.xm12t.com.cn/images/tourlist/img7.jpg",
							"link": "content-news.html",
							"description": "意大利（庞贝古城 卡普里岛 奥尔维耶托 亚西西）欧洲深度探索漫游之旅10天",
							"pubdate": "2014-12-25",
							"pubtimestamp": 1419487200,
							"category": {
								"name": "导航A",
								"en_name": "Nav A",
								"link": "list-imagetext.html"
							}
						},
						{
							"title": "[台湾自由行4天3夜]",
							"image": "http://chanpin.xm12t.com.cn/images/tourlist/img8.jpg",
							"link": "content-news.html",
							"description": "意大利（庞贝古城 卡普里岛 奥尔维耶托 亚西西）欧洲深度探索漫游之旅10天",
							"pubdate": "2014-12-25",
							"pubtimestamp": 1419487200,
							"category": {
								"name": "导航A",
								"en_name": "Nav A",
								"link": "list-imagetext.html"
							}
						},
						{
							"title": "[台湾自由行4天3夜]",
							"image": "http://chanpin.xm12t.com.cn/images/tourlist/img9.jpg",
							"link": "content-news.html",
							"description": "意大利（庞贝古城 卡普里岛 奥尔维耶托 亚西西）欧洲深度探索漫游之旅10天",
							"pubdate": "2014-12-25",
							"pubtimestamp": 1419487200,
							"category": {
								"name": "导航A",
								"en_name": "Nav A",
								"link": "list-imagetext.html"
							}
						},
						{
							"title": "[台湾自由行4天3夜]",
							"image": "http://chanpin.xm12t.com.cn/images/tourlist/img10.jpg",
							"link": "content-news.html",
							"description": "意大利（庞贝古城 卡普里岛 奥尔维耶托 亚西西）欧洲深度探索漫游之旅10天",
							"pubdate": "2014-12-25",
							"pubtimestamp": 1419487200,
							"category": {
								"name": "导航A",
								"en_name": "Nav A",
								"link": "list-imagetext.html"
							}
						},
						{
							"title": "这是一篇测试文章",
							"image": "http://chanpin.xm12t.com.cn/images/art_02.jpg",
							"link": "content-news.html",
							"description": "今天天气不错，挺风和日丽的...",
							"pubdate": "2014-12-25",
							"pubtimestamp": 1419487200,
							"category": {
								"name": "导航A",
								"en_name": "Nav A",
								"link": "list-imagetext.html"
							}
						},
						{
							"title": "这是一篇测试文章",
							"image": "http://chanpin.xm12t.com.cn/images/art_02.jpg",
							"link": "content-news.html",
							"description": "今天天气不错，挺风和日丽的...",
							"pubdate": "2014-12-25",
							"pubtimestamp": 1419487200,
							"category": {
								"name": "导航A",
								"en_name": "Nav A",
								"link": "list-imagetext.html"
							}
						}
					],
					"type": 2,
					"childmenu": null
				},
				{
					"name": "当季热门景点",
					"en_name": "Hot Attractions",
					"link": "list-imagetext.html?id=9",
					"image": "http://chanpin.xm12t.com.cn/images/cat_01.jpg",
					"description": "这是栏目的一段描述...",
					"current": 0,
					"lastest": [
						{
							"title": "[台湾自由行4天3夜]",
							"image": "http://chanpin.xm12t.com.cn/images/tourlist/img1.jpg",
							"link": "content-news.html",
							"description": "意大利（庞贝古城 卡普里岛 奥尔维耶托 亚西西）欧洲深度探索漫游之旅10天",
							"pubdate": "2014-12-25",
							"pubtimestamp": 1419487200,
							"category": {
								"name": "导航A",
								"en_name": "Nav A",
								"link": "list-imagetext.html"
							}
						},
						{
							"title": "[曼谷-芭提雅-泰国双飞5日游]",
							"image": "http://chanpin.xm12t.com.cn/images/tourlist/img2.jpg",
							"link": "content-news.html",
							"description": "暹罗剧场表演（列入金氏世界記錄的舞台）暹罗梦幻剧场是泰国规模最大的宏伟华丽剧院，剧场设",
							"pubdate": "2014-12-25",
							"pubtimestamp": 1419487200,
							"category": {
								"name": "导航A",
								"en_name": "Nav A",
								"link": "list-imagetext.html"
							}
						},
						{
							"title": "[雅加达-巴厘岛6日游]",
							"image": "http://chanpin.xm12t.com.cn/images/tourlist/img3.jpg",
							"link": "content-news.html",
							"description": "第一天下午3点福州长乐国际机场集中，度假去喽！怀着一颗期待已",
							"pubdate": "2014-12-25",
							"pubtimestamp": 1419487200,
							"category": {
								"name": "导航A",
								"en_name": "Nav A",
								"link": "list-imagetext.html"
							}
						},
						{
							"title": "[台湾自由行4天3夜]",
							"image": "http://chanpin.xm12t.com.cn/images/tourlist/img4.jpg",
							"link": "content-news.html",
							"description": "意大利（庞贝古城 卡普里岛 奥尔维耶托 亚西西）欧洲深度探索漫游之旅10天",
							"pubdate": "2014-12-25",
							"pubtimestamp": 1419487200,
							"category": {
								"name": "导航A",
								"en_name": "Nav A",
								"link": "list-imagetext.html"
							}
						},
						{
							"title": "[台湾自由行4天3夜]",
							"image": "http://chanpin.xm12t.com.cn/images/tourlist/img5.jpg",
							"link": "content-news.html",
							"description": "意大利（庞贝古城 卡普里岛 奥尔维耶托 亚西西）欧洲深度探索漫游之旅10天",
							"pubdate": "2014-12-25",
							"pubtimestamp": 1419487200,
							"category": {
								"name": "导航A",
								"en_name": "Nav A",
								"link": "list-imagetext.html"
							}
						},
						{
							"title": "[台湾自由行4天3夜]",
							"image": "http://chanpin.xm12t.com.cn/images/tourlist/img6.jpg",
							"link": "content-news.html",
							"description": "意大利（庞贝古城 卡普里岛 奥尔维耶托 亚西西）欧洲深度探索漫游之旅10天",
							"pubdate": "2014-12-25",
							"pubtimestamp": 1419487200,
							"category": {
								"name": "导航A",
								"en_name": "Nav A",
								"link": "list-imagetext.html"
							}
						},
						{
							"title": "[台湾自由行4天3夜]",
							"image": "http://chanpin.xm12t.com.cn/images/tourlist/img7.jpg",
							"link": "content-news.html",
							"description": "意大利（庞贝古城 卡普里岛 奥尔维耶托 亚西西）欧洲深度探索漫游之旅10天",
							"pubdate": "2014-12-25",
							"pubtimestamp": 1419487200,
							"category": {
								"name": "导航A",
								"en_name": "Nav A",
								"link": "list-imagetext.html"
							}
						},
						{
							"title": "[台湾自由行4天3夜]",
							"image": "http://chanpin.xm12t.com.cn/images/tourlist/img8.jpg",
							"link": "content-news.html",
							"description": "意大利（庞贝古城 卡普里岛 奥尔维耶托 亚西西）欧洲深度探索漫游之旅10天",
							"pubdate": "2014-12-25",
							"pubtimestamp": 1419487200,
							"category": {
								"name": "导航A",
								"en_name": "Nav A",
								"link": "list-imagetext.html"
							}
						},
						{
							"title": "[台湾自由行4天3夜]",
							"image": "http://chanpin.xm12t.com.cn/images/tourlist/img9.jpg",
							"link": "content-news.html",
							"description": "意大利（庞贝古城 卡普里岛 奥尔维耶托 亚西西）欧洲深度探索漫游之旅10天",
							"pubdate": "2014-12-25",
							"pubtimestamp": 1419487200,
							"category": {
								"name": "导航A",
								"en_name": "Nav A",
								"link": "list-imagetext.html"
							}
						},
						{
							"title": "[台湾自由行4天3夜]",
							"image": "http://chanpin.xm12t.com.cn/images/tourlist/img10.jpg",
							"link": "content-news.html",
							"description": "意大利（庞贝古城 卡普里岛 奥尔维耶托 亚西西）欧洲深度探索漫游之旅10天",
							"pubdate": "2014-12-25",
							"pubtimestamp": 1419487200,
							"category": {
								"name": "导航A",
								"en_name": "Nav A",
								"link": "list-imagetext.html"
							}
						},
						{
							"title": "这是一篇测试文章",
							"image": "http://chanpin.xm12t.com.cn/images/art_02.jpg",
							"link": "content-news.html",
							"description": "今天天气不错，挺风和日丽的...",
							"pubdate": "2014-12-25",
							"pubtimestamp": 1419487200,
							"category": {
								"name": "导航A",
								"en_name": "Nav A",
								"link": "list-imagetext.html"
							}
						},
						{
							"title": "这是一篇测试文章",
							"image": "http://chanpin.xm12t.com.cn/images/art_02.jpg",
							"link": "content-news.html",
							"description": "今天天气不错，挺风和日丽的...",
							"pubdate": "2014-12-25",
							"pubtimestamp": 1419487200,
							"category": {
								"name": "导航A",
								"en_name": "Nav A",
								"link": "list-imagetext.html"
							}
						}
					],
					"type": 3,
					"childmenu": null
				}
			]
		},
		{
			"name": "产品中心",
			"en_name": "PRODUCTS",
			"link": "list-image.html?id=3",
			"image": "http://chanpin.xm12t.com.cn/images/cat_01.jpg",
			"description": "这是栏目的一段描述...",
			"current": 0,
			"lastest": null,
			"type": 4,
			"childmenu": null
		},
		{
			"name": "案例展示",
			"en_name": "Trip Around",
			"link": "list-imagetext.html?id=4",
			"image": "http://chanpin.xm12t.com.cn/images/cat_01.jpg",
			"description": "这是栏目的一段描述...",
			"current": 0,
			"lastest": [
				{
					"title": "[台湾自由行4天3夜]",
					"image": "http://chanpin.xm12t.com.cn/images/tourlist/img1.jpg",
					"link": "content-news.html",
					"description": "意大利（庞贝古城 卡普里岛 奥尔维耶托 亚西西）欧洲深度探索漫游之旅10天",
					"pubdate": "2014-12-25",
					"pubtimestamp": 1419487200,
					"category": {
						"name": "导航A",
						"en_name": "Nav A",
						"link": "list-imagetext.html"
					}
				},
				{
					"title": "[曼谷-芭提雅-泰国双飞5日游]",
					"image": "http://chanpin.xm12t.com.cn/images/tourlist/img2.jpg",
					"link": "content-news.html",
					"description": "暹罗剧场表演（列入金氏世界記錄的舞台）暹罗梦幻剧场是泰国规模最大的宏伟华丽剧院，剧场设",
					"pubdate": "2014-12-25",
					"pubtimestamp": 1419487200,
					"category": {
						"name": "导航A",
						"en_name": "Nav A",
						"link": "list-imagetext.html"
					}
				},
				{
					"title": "[雅加达-巴厘岛6日游]",
					"image": "http://chanpin.xm12t.com.cn/images/tourlist/img3.jpg",
					"link": "content-news.html",
					"description": "第一天下午3点福州长乐国际机场集中，度假去喽！怀着一颗期待已",
					"pubdate": "2014-12-25",
					"pubtimestamp": 1419487200,
					"category": {
						"name": "导航A",
						"en_name": "Nav A",
						"link": "list-imagetext.html"
					}
				},
				{
					"title": "[台湾自由行4天3夜]",
					"image": "http://chanpin.xm12t.com.cn/images/tourlist/img4.jpg",
					"link": "content-news.html",
					"description": "意大利（庞贝古城 卡普里岛 奥尔维耶托 亚西西）欧洲深度探索漫游之旅10天",
					"pubdate": "2014-12-25",
					"pubtimestamp": 1419487200,
					"category": {
						"name": "导航A",
						"en_name": "Nav A",
						"link": "list-imagetext.html"
					}
				},
				{
					"title": "[台湾自由行4天3夜]",
					"image": "http://chanpin.xm12t.com.cn/images/tourlist/img5.jpg",
					"link": "content-news.html",
					"description": "意大利（庞贝古城 卡普里岛 奥尔维耶托 亚西西）欧洲深度探索漫游之旅10天",
					"pubdate": "2014-12-25",
					"pubtimestamp": 1419487200,
					"category": {
						"name": "导航A",
						"en_name": "Nav A",
						"link": "list-imagetext.html"
					}
				},
				{
					"title": "[台湾自由行4天3夜]",
					"image": "http://chanpin.xm12t.com.cn/images/tourlist/img6.jpg",
					"link": "content-news.html",
					"description": "意大利（庞贝古城 卡普里岛 奥尔维耶托 亚西西）欧洲深度探索漫游之旅10天",
					"pubdate": "2014-12-25",
					"pubtimestamp": 1419487200,
					"category": {
						"name": "导航A",
						"en_name": "Nav A",
						"link": "list-imagetext.html"
					}
				},
				{
					"title": "[台湾自由行4天3夜]",
					"image": "http://chanpin.xm12t.com.cn/images/tourlist/img7.jpg",
					"link": "content-news.html",
					"description": "意大利（庞贝古城 卡普里岛 奥尔维耶托 亚西西）欧洲深度探索漫游之旅10天",
					"pubdate": "2014-12-25",
					"pubtimestamp": 1419487200,
					"category": {
						"name": "导航A",
						"en_name": "Nav A",
						"link": "list-imagetext.html"
					}
				},
				{
					"title": "[台湾自由行4天3夜]",
					"image": "http://chanpin.xm12t.com.cn/images/tourlist/img8.jpg",
					"link": "content-news.html",
					"description": "意大利（庞贝古城 卡普里岛 奥尔维耶托 亚西西）欧洲深度探索漫游之旅10天",
					"pubdate": "2014-12-25",
					"pubtimestamp": 1419487200,
					"category": {
						"name": "导航A",
						"en_name": "Nav A",
						"link": "list-imagetext.html"
					}
				},
				{
					"title": "[台湾自由行4天3夜]",
					"image": "http://chanpin.xm12t.com.cn/images/tourlist/img9.jpg",
					"link": "content-news.html",
					"description": "意大利（庞贝古城 卡普里岛 奥尔维耶托 亚西西）欧洲深度探索漫游之旅10天",
					"pubdate": "2014-12-25",
					"pubtimestamp": 1419487200,
					"category": {
						"name": "导航A",
						"en_name": "Nav A",
						"link": "list-imagetext.html"
					}
				},
				{
					"title": "[台湾自由行4天3夜]",
					"image": "http://chanpin.xm12t.com.cn/images/tourlist/img10.jpg",
					"link": "content-news.html",
					"description": "意大利（庞贝古城 卡普里岛 奥尔维耶托 亚西西）欧洲深度探索漫游之旅10天",
					"pubdate": "2014-12-25",
					"pubtimestamp": 1419487200,
					"category": {
						"name": "导航A",
						"en_name": "Nav A",
						"link": "list-imagetext.html"
					}
				},
				{
					"title": "这是一篇测试文章",
					"image": "http://chanpin.xm12t.com.cn/images/art_02.jpg",
					"link": "content-news.html",
					"description": "今天天气不错，挺风和日丽的...",
					"pubdate": "2014-12-25",
					"pubtimestamp": 1419487200,
					"category": {
						"name": "导航A",
						"en_name": "Nav A",
						"link": "list-imagetext.html"
					}
				},
				{
					"title": "这是一篇测试文章",
					"image": "http://chanpin.xm12t.com.cn/images/art_02.jpg",
					"link": "content-news.html",
					"description": "今天天气不错，挺风和日丽的...",
					"pubdate": "2014-12-25",
					"pubtimestamp": 1419487200,
					"category": {
						"name": "导航A",
						"en_name": "Nav A",
						"link": "list-imagetext.html"
					}
				}
			],
			"type": 1,
			"childmenu": null
		},
		{
			"name": "合作伙伴",
			"en_name": "Trip Internal",
			"link": "list-text.html?id=5",
			"image": "http://chanpin.xm12t.com.cn/images/cat_01.jpg",
			"description": "这是栏目的一段描述...",
			"current": 0,
			"lastest": [
				{
					"title": "[台湾自由行4天3夜]",
					"image": "http://chanpin.xm12t.com.cn/images/tourlist/img1.jpg",
					"link": "content-news.html",
					"description": "意大利（庞贝古城 卡普里岛 奥尔维耶托 亚西西）欧洲深度探索漫游之旅10天",
					"pubdate": "2014-12-25",
					"pubtimestamp": 1419487200,
					"category": {
						"name": "导航A",
						"en_name": "Nav A",
						"link": "list-imagetext.html"
					}
				},
				{
					"title": "[曼谷-芭提雅-泰国双飞5日游]",
					"image": "http://chanpin.xm12t.com.cn/images/tourlist/img2.jpg",
					"link": "content-news.html",
					"description": "暹罗剧场表演（列入金氏世界記錄的舞台）暹罗梦幻剧场是泰国规模最大的宏伟华丽剧院，剧场设",
					"pubdate": "2014-12-25",
					"pubtimestamp": 1419487200,
					"category": {
						"name": "导航A",
						"en_name": "Nav A",
						"link": "list-imagetext.html"
					}
				},
				{
					"title": "[雅加达-巴厘岛6日游]",
					"image": "http://chanpin.xm12t.com.cn/images/tourlist/img3.jpg",
					"link": "content-news.html",
					"description": "第一天下午3点福州长乐国际机场集中，度假去喽！怀着一颗期待已",
					"pubdate": "2014-12-25",
					"pubtimestamp": 1419487200,
					"category": {
						"name": "导航A",
						"en_name": "Nav A",
						"link": "list-imagetext.html"
					}
				},
				{
					"title": "[台湾自由行4天3夜]",
					"image": "http://chanpin.xm12t.com.cn/images/tourlist/img4.jpg",
					"link": "content-news.html",
					"description": "意大利（庞贝古城 卡普里岛 奥尔维耶托 亚西西）欧洲深度探索漫游之旅10天",
					"pubdate": "2014-12-25",
					"pubtimestamp": 1419487200,
					"category": {
						"name": "导航A",
						"en_name": "Nav A",
						"link": "list-imagetext.html"
					}
				},
				{
					"title": "[台湾自由行4天3夜]",
					"image": "http://chanpin.xm12t.com.cn/images/tourlist/img5.jpg",
					"link": "content-news.html",
					"description": "意大利（庞贝古城 卡普里岛 奥尔维耶托 亚西西）欧洲深度探索漫游之旅10天",
					"pubdate": "2014-12-25",
					"pubtimestamp": 1419487200,
					"category": {
						"name": "导航A",
						"en_name": "Nav A",
						"link": "list-imagetext.html"
					}
				},
				{
					"title": "[台湾自由行4天3夜]",
					"image": "http://chanpin.xm12t.com.cn/images/tourlist/img6.jpg",
					"link": "content-news.html",
					"description": "意大利（庞贝古城 卡普里岛 奥尔维耶托 亚西西）欧洲深度探索漫游之旅10天",
					"pubdate": "2014-12-25",
					"pubtimestamp": 1419487200,
					"category": {
						"name": "导航A",
						"en_name": "Nav A",
						"link": "list-imagetext.html"
					}
				},
				{
					"title": "[台湾自由行4天3夜]",
					"image": "http://chanpin.xm12t.com.cn/images/tourlist/img7.jpg",
					"link": "content-news.html",
					"description": "意大利（庞贝古城 卡普里岛 奥尔维耶托 亚西西）欧洲深度探索漫游之旅10天",
					"pubdate": "2014-12-25",
					"pubtimestamp": 1419487200,
					"category": {
						"name": "导航A",
						"en_name": "Nav A",
						"link": "list-imagetext.html"
					}
				},
				{
					"title": "[台湾自由行4天3夜]",
					"image": "http://chanpin.xm12t.com.cn/images/tourlist/img8.jpg",
					"link": "content-news.html",
					"description": "意大利（庞贝古城 卡普里岛 奥尔维耶托 亚西西）欧洲深度探索漫游之旅10天",
					"pubdate": "2014-12-25",
					"pubtimestamp": 1419487200,
					"category": {
						"name": "导航A",
						"en_name": "Nav A",
						"link": "list-imagetext.html"
					}
				},
				{
					"title": "[台湾自由行4天3夜]",
					"image": "http://chanpin.xm12t.com.cn/images/tourlist/img9.jpg",
					"link": "content-news.html",
					"description": "意大利（庞贝古城 卡普里岛 奥尔维耶托 亚西西）欧洲深度探索漫游之旅10天",
					"pubdate": "2014-12-25",
					"pubtimestamp": 1419487200,
					"category": {
						"name": "导航A",
						"en_name": "Nav A",
						"link": "list-imagetext.html"
					}
				},
				{
					"title": "[台湾自由行4天3夜]",
					"image": "http://chanpin.xm12t.com.cn/images/tourlist/img10.jpg",
					"link": "content-news.html",
					"description": "意大利（庞贝古城 卡普里岛 奥尔维耶托 亚西西）欧洲深度探索漫游之旅10天",
					"pubdate": "2014-12-25",
					"pubtimestamp": 1419487200,
					"category": {
						"name": "导航A",
						"en_name": "Nav A",
						"link": "list-imagetext.html"
					}
				},
				{
					"title": "这是一篇测试文章",
					"image": "http://chanpin.xm12t.com.cn/images/art_02.jpg",
					"link": "content-news.html",
					"description": "今天天气不错，挺风和日丽的...",
					"pubdate": "2014-12-25",
					"pubtimestamp": 1419487200,
					"category": {
						"name": "导航A",
						"en_name": "Nav A",
						"link": "list-imagetext.html"
					}
				},
				{
					"title": "这是一篇测试文章",
					"image": "http://chanpin.xm12t.com.cn/images/art_02.jpg",
					"link": "content-news.html",
					"description": "今天天气不错，挺风和日丽的...",
					"pubdate": "2014-12-25",
					"pubtimestamp": 1419487200,
					"category": {
						"name": "导航A",
						"en_name": "Nav A",
						"link": "list-imagetext.html"
					}
				}
			],
			"type": 1,
			"childmenu": null
		},
		{
			"name": "意见反馈",
			"en_name": "Trip International",
			"link": "list-text.html?id=6",
			"image": "http://chanpin.xm12t.com.cn/images/cat_01.jpg",
			"description": "这是栏目的一段描述...",
			"current": 0,
			"lastest": [
				{
					"title": "[台湾自由行4天3夜]",
					"image": "http://chanpin.xm12t.com.cn/images/tourlist/img1.jpg",
					"link": "content-news.html",
					"description": "意大利（庞贝古城 卡普里岛 奥尔维耶托 亚西西）欧洲深度探索漫游之旅10天",
					"pubdate": "2014-12-25",
					"pubtimestamp": 1419487200,
					"category": {
						"name": "导航A",
						"en_name": "Nav A",
						"link": "list-imagetext.html"
					}
				},
				{
					"title": "[曼谷-芭提雅-泰国双飞5日游]",
					"image": "http://chanpin.xm12t.com.cn/images/tourlist/img2.jpg",
					"link": "content-news.html",
					"description": "暹罗剧场表演（列入金氏世界記錄的舞台）暹罗梦幻剧场是泰国规模最大的宏伟华丽剧院，剧场设",
					"pubdate": "2014-12-25",
					"pubtimestamp": 1419487200,
					"category": {
						"name": "导航A",
						"en_name": "Nav A",
						"link": "list-imagetext.html"
					}
				},
				{
					"title": "[雅加达-巴厘岛6日游]",
					"image": "http://chanpin.xm12t.com.cn/images/tourlist/img3.jpg",
					"link": "content-news.html",
					"description": "第一天下午3点福州长乐国际机场集中，度假去喽！怀着一颗期待已",
					"pubdate": "2014-12-25",
					"pubtimestamp": 1419487200,
					"category": {
						"name": "导航A",
						"en_name": "Nav A",
						"link": "list-imagetext.html"
					}
				},
				{
					"title": "[台湾自由行4天3夜]",
					"image": "http://chanpin.xm12t.com.cn/images/tourlist/img4.jpg",
					"link": "content-news.html",
					"description": "意大利（庞贝古城 卡普里岛 奥尔维耶托 亚西西）欧洲深度探索漫游之旅10天",
					"pubdate": "2014-12-25",
					"pubtimestamp": 1419487200,
					"category": {
						"name": "导航A",
						"en_name": "Nav A",
						"link": "list-imagetext.html"
					}
				},
				{
					"title": "[台湾自由行4天3夜]",
					"image": "http://chanpin.xm12t.com.cn/images/tourlist/img5.jpg",
					"link": "content-news.html",
					"description": "意大利（庞贝古城 卡普里岛 奥尔维耶托 亚西西）欧洲深度探索漫游之旅10天",
					"pubdate": "2014-12-25",
					"pubtimestamp": 1419487200,
					"category": {
						"name": "导航A",
						"en_name": "Nav A",
						"link": "list-imagetext.html"
					}
				},
				{
					"title": "[台湾自由行4天3夜]",
					"image": "http://chanpin.xm12t.com.cn/images/tourlist/img6.jpg",
					"link": "content-news.html",
					"description": "意大利（庞贝古城 卡普里岛 奥尔维耶托 亚西西）欧洲深度探索漫游之旅10天",
					"pubdate": "2014-12-25",
					"pubtimestamp": 1419487200,
					"category": {
						"name": "导航A",
						"en_name": "Nav A",
						"link": "list-imagetext.html"
					}
				},
				{
					"title": "[台湾自由行4天3夜]",
					"image": "http://chanpin.xm12t.com.cn/images/tourlist/img7.jpg",
					"link": "content-news.html",
					"description": "意大利（庞贝古城 卡普里岛 奥尔维耶托 亚西西）欧洲深度探索漫游之旅10天",
					"pubdate": "2014-12-25",
					"pubtimestamp": 1419487200,
					"category": {
						"name": "导航A",
						"en_name": "Nav A",
						"link": "list-imagetext.html"
					}
				},
				{
					"title": "[台湾自由行4天3夜]",
					"image": "http://chanpin.xm12t.com.cn/images/tourlist/img8.jpg",
					"link": "content-news.html",
					"description": "意大利（庞贝古城 卡普里岛 奥尔维耶托 亚西西）欧洲深度探索漫游之旅10天",
					"pubdate": "2014-12-25",
					"pubtimestamp": 1419487200,
					"category": {
						"name": "导航A",
						"en_name": "Nav A",
						"link": "list-imagetext.html"
					}
				},
				{
					"title": "[台湾自由行4天3夜]",
					"image": "http://chanpin.xm12t.com.cn/images/tourlist/img9.jpg",
					"link": "content-news.html",
					"description": "意大利（庞贝古城 卡普里岛 奥尔维耶托 亚西西）欧洲深度探索漫游之旅10天",
					"pubdate": "2014-12-25",
					"pubtimestamp": 1419487200,
					"category": {
						"name": "导航A",
						"en_name": "Nav A",
						"link": "list-imagetext.html"
					}
				},
				{
					"title": "[台湾自由行4天3夜]",
					"image": "http://chanpin.xm12t.com.cn/images/tourlist/img10.jpg",
					"link": "content-news.html",
					"description": "意大利（庞贝古城 卡普里岛 奥尔维耶托 亚西西）欧洲深度探索漫游之旅10天",
					"pubdate": "2014-12-25",
					"pubtimestamp": 1419487200,
					"category": {
						"name": "导航A",
						"en_name": "Nav A",
						"link": "list-imagetext.html"
					}
				},
				{
					"title": "这是一篇测试文章",
					"image": "http://chanpin.xm12t.com.cn/images/art_02.jpg",
					"link": "content-news.html",
					"description": "今天天气不错，挺风和日丽的...",
					"pubdate": "2014-12-25",
					"pubtimestamp": 1419487200,
					"category": {
						"name": "导航A",
						"en_name": "Nav A",
						"link": "list-imagetext.html"
					}
				},
				{
					"title": "这是一篇测试文章",
					"image": "http://chanpin.xm12t.com.cn/images/art_02.jpg",
					"link": "content-news.html",
					"description": "今天天气不错，挺风和日丽的...",
					"pubdate": "2014-12-25",
					"pubtimestamp": 1419487200,
					"category": {
						"name": "导航A",
						"en_name": "Nav A",
						"link": "list-imagetext.html"
					}
				}
			],
			"type": 1,
			"childmenu": null
		},
		{
			"name": "联系我们",
			"en_name": "Trip Drive",
			"link": "list-text.html?id=7",
			"image": "http://chanpin.xm12t.com.cn/images/cat_01.jpg",
			"description": "这是栏目的一段描述...",
			"current": 0,
			"lastest": [
				{
					"title": "[台湾自由行4天3夜]",
					"image": "http://chanpin.xm12t.com.cn/images/tourlist/img1.jpg",
					"link": "content-news.html",
					"description": "意大利（庞贝古城 卡普里岛 奥尔维耶托 亚西西）欧洲深度探索漫游之旅10天",
					"pubdate": "2014-12-25",
					"pubtimestamp": 1419487200,
					"category": {
						"name": "导航A",
						"en_name": "Nav A",
						"link": "list-imagetext.html"
					}
				},
				{
					"title": "[曼谷-芭提雅-泰国双飞5日游]",
					"image": "http://chanpin.xm12t.com.cn/images/tourlist/img2.jpg",
					"link": "content-news.html",
					"description": "暹罗剧场表演（列入金氏世界記錄的舞台）暹罗梦幻剧场是泰国规模最大的宏伟华丽剧院，剧场设",
					"pubdate": "2014-12-25",
					"pubtimestamp": 1419487200,
					"category": {
						"name": "导航A",
						"en_name": "Nav A",
						"link": "list-imagetext.html"
					}
				},
				{
					"title": "[雅加达-巴厘岛6日游]",
					"image": "http://chanpin.xm12t.com.cn/images/tourlist/img3.jpg",
					"link": "content-news.html",
					"description": "第一天下午3点福州长乐国际机场集中，度假去喽！怀着一颗期待已",
					"pubdate": "2014-12-25",
					"pubtimestamp": 1419487200,
					"category": {
						"name": "导航A",
						"en_name": "Nav A",
						"link": "list-imagetext.html"
					}
				},
				{
					"title": "[台湾自由行4天3夜]",
					"image": "http://chanpin.xm12t.com.cn/images/tourlist/img4.jpg",
					"link": "content-news.html",
					"description": "意大利（庞贝古城 卡普里岛 奥尔维耶托 亚西西）欧洲深度探索漫游之旅10天",
					"pubdate": "2014-12-25",
					"pubtimestamp": 1419487200,
					"category": {
						"name": "导航A",
						"en_name": "Nav A",
						"link": "list-imagetext.html"
					}
				},
				{
					"title": "[台湾自由行4天3夜]",
					"image": "http://chanpin.xm12t.com.cn/images/tourlist/img5.jpg",
					"link": "content-news.html",
					"description": "意大利（庞贝古城 卡普里岛 奥尔维耶托 亚西西）欧洲深度探索漫游之旅10天",
					"pubdate": "2014-12-25",
					"pubtimestamp": 1419487200,
					"category": {
						"name": "导航A",
						"en_name": "Nav A",
						"link": "list-imagetext.html"
					}
				},
				{
					"title": "[台湾自由行4天3夜]",
					"image": "http://chanpin.xm12t.com.cn/images/tourlist/img6.jpg",
					"link": "content-news.html",
					"description": "意大利（庞贝古城 卡普里岛 奥尔维耶托 亚西西）欧洲深度探索漫游之旅10天",
					"pubdate": "2014-12-25",
					"pubtimestamp": 1419487200,
					"category": {
						"name": "导航A",
						"en_name": "Nav A",
						"link": "list-imagetext.html"
					}
				},
				{
					"title": "[台湾自由行4天3夜]",
					"image": "http://chanpin.xm12t.com.cn/images/tourlist/img7.jpg",
					"link": "content-news.html",
					"description": "意大利（庞贝古城 卡普里岛 奥尔维耶托 亚西西）欧洲深度探索漫游之旅10天",
					"pubdate": "2014-12-25",
					"pubtimestamp": 1419487200,
					"category": {
						"name": "导航A",
						"en_name": "Nav A",
						"link": "list-imagetext.html"
					}
				},
				{
					"title": "[台湾自由行4天3夜]",
					"image": "http://chanpin.xm12t.com.cn/images/tourlist/img8.jpg",
					"link": "content-news.html",
					"description": "意大利（庞贝古城 卡普里岛 奥尔维耶托 亚西西）欧洲深度探索漫游之旅10天",
					"pubdate": "2014-12-25",
					"pubtimestamp": 1419487200,
					"category": {
						"name": "导航A",
						"en_name": "Nav A",
						"link": "list-imagetext.html"
					}
				},
				{
					"title": "[台湾自由行4天3夜]",
					"image": "http://chanpin.xm12t.com.cn/images/tourlist/img9.jpg",
					"link": "content-news.html",
					"description": "意大利（庞贝古城 卡普里岛 奥尔维耶托 亚西西）欧洲深度探索漫游之旅10天",
					"pubdate": "2014-12-25",
					"pubtimestamp": 1419487200,
					"category": {
						"name": "导航A",
						"en_name": "Nav A",
						"link": "list-imagetext.html"
					}
				},
				{
					"title": "[台湾自由行4天3夜]",
					"image": "http://chanpin.xm12t.com.cn/images/tourlist/img10.jpg",
					"link": "content-news.html",
					"description": "意大利（庞贝古城 卡普里岛 奥尔维耶托 亚西西）欧洲深度探索漫游之旅10天",
					"pubdate": "2014-12-25",
					"pubtimestamp": 1419487200,
					"category": {
						"name": "导航A",
						"en_name": "Nav A",
						"link": "list-imagetext.html"
					}
				},
				{
					"title": "这是一篇测试文章",
					"image": "http://chanpin.xm12t.com.cn/images/art_02.jpg",
					"link": "content-news.html",
					"description": "今天天气不错，挺风和日丽的...",
					"pubdate": "2014-12-25",
					"pubtimestamp": 1419487200,
					"category": {
						"name": "导航A",
						"en_name": "Nav A",
						"link": "list-imagetext.html"
					}
				},
				{
					"title": "这是一篇测试文章",
					"image": "http://chanpin.xm12t.com.cn/images/art_02.jpg",
					"link": "content-news.html",
					"description": "今天天气不错，挺风和日丽的...",
					"pubdate": "2014-12-25",
					"pubtimestamp": 1419487200,
					"category": {
						"name": "导航A",
						"en_name": "Nav A",
						"link": "list-imagetext.html"
					}
				}
			],
			"type": 1,
			"childmenu": null
		}
	],
	"pagenavs": [
		{
			"name": "导航F1",
			"en_name": "Nav F1",
			"link": "list-text.html",
			"image": "http://chanpin.xm12t.com.cn/images/cat_01.jpg",
			"description": "这是栏目的一段描述...",
			"current": 0
		},
		{
			"name": "导航F2",
			"en_name": "Nav F2",
			"link": "list-text.html",
			"image": "http://chanpin.xm12t.com.cn/images/cat_01.jpg",
			"description": "这是栏目的一段描述...",
			"current": 0
		},
		{
			"name": "导航F3",
			"en_name": "Nav F3",
			"link": "list-text.html",
			"image": "http://chanpin.xm12t.com.cn/images/cat_01.jpg",
			"description": "这是栏目的一段描述...",
			"current": 1,
			"childmenu": [
				{
					"name": "导航F3a",
					"en_name": "Nav F3a",
					"link": "list-imagetext.html",
					"image": "http://chanpin.xm12t.com.cn/images/cat_01.jpg",
					"description": "这是栏目的一段描述...",
					"current": 1
				},
				{
					"name": "导航F3b",
					"en_name": "Nav F3b",
					"link": "list-imagetext.html",
					"image": "http://chanpin.xm12t.com.cn/images/cat_01.jpg",
					"description": "这是栏目的一段描述...",
					"current": 0
				}
			]
		}
	],
	"posnavs": [
		{
			"name": "导航F",
			"en_name": "Nav F",
			"link": "list-text.html"
		},
		{
			"name": "导航F3",
			"en_name": "Nav F3",
			"link": "list-text.html"
		},
		{
			"name": "导航F3a",
			"en_name": "Nav F3a",
			"link": "list-imagetext.html"
		}
	],
	"contact": {
		"company": "厦门纽巴客汽车设备有限公司",
		"name": "X先生",
		"mobile": 13489990000,
		"telephone": "0592-23232232",
		"fax": "0592-8686886",
		"mail": "01@eexx.me",
		"qq": 156568451,
		"address": "厦门市思明区软件园..."
	},
	"article": {
		"title": "文章标题",
		"image": "http://chanpin.xm12t.com.cn/images/art_01.jpg",
		"images": [
			{
				"title": "产品图1",
				"image": "http://chanpin.xm12t.com.cn/images/art_02.jpg"
			},
			{
				"title": "产品图2",
				"image": "http://chanpin.xm12t.com.cn/images/art_01.jpg"
			}
		],
		"description": "今天天气不错，挺风和日丽的...",
		"content": "<p>外景照片更加自然更加美丽，是婚纱照不可或缺的，涉及外景车，燃油，工餐，饮水等费用都是由蒙娜丽莎来担负的。一些高端套系比如万元以上是没有任何场地费用的，但是一些低端套系，如果您想去特殊景点如非常勿扰2、蜈支洲岛等，要有相应的场地费。</p><p>完全不用携带多余的东西，下列物品需携带：防晒霜、太阳伞、防蚊液、隐形文胸，如果有条件自己带几件便装，可以让挑选的余地更大，太多的东西反而累赘。</p><p>您选择的游艇套系所需要的一些小道具我们蒙娜丽莎工作室都有相应的安排，请不必担心。再有特殊细节注意事项，客服会在拍摄日期之前一一通知到位。</p><p>您选择的游艇套系所需要的一些小道具我们蒙娜丽莎工作室都有相应的安排，请不必担心。再有特殊细节注意事项，客服会在拍摄日期之前一一通知到位。</p><p>在拍婚纱照前几天一定要休息好，保证皮肤状况良好，因为蒙娜丽莎倡导淡妆的真实美，如果恰好皮肤问题集中爆发，只能让化妆师的妙手来帮你啦，呵呵。蒙娜丽莎的化妆师造型师会把你打扮的美美的。</p><p>选片方面蒙娜丽莎也有人性化的服务，首先确定是否加选照片，明确挑片所需时间，我们会有专人陪同选片的，以严苛的角度来挑选，注意表情、光线、美感搭配度、动作、小细节等标准。您也可将自己喜欢的排版方式和精修片风格传达给后期数码师，数码师会酌情处理。另外，蒙娜丽莎的底片是全送的，您拿到照片后也可在当地另行加工。<br />在修片环节，蒙娜丽莎倡导调整光线美感和明显瑕疵的修复，会尽量完整的保留原始图片美感。如果修的太厉害，难免会失真的。尺度的把握数码师会从专业角度处理。其实就算一点没有精修的原图片就已经很惊艳了，蒙娜丽莎摄影师在外景拍摄上不会让您失望的。</p>",
		"pubdate": "2014-12-25",
		"pubtimestamp": 1419487200,
		"category": {
			"name": "导航A",
			"en_name": "Nav A",
			"link": "list-imagetext.html"
		},
		"prev": {
			"title": "上一篇文章标题",
			"link": "content-news.html"
		},
		"next": {
			"title": "下一篇文章标题",
			"link": "content-product.html"
		}
	},
	"related": [
		{
			"title": "[台湾自由行4天3夜]",
			"image": "http://chanpin.xm12t.com.cn/images/tourlist/img1.jpg",
			"link": "content-news.html",
			"description": "意大利（庞贝古城 卡普里岛 奥尔维耶托 亚西西）欧洲深度探索漫游之旅10天",
			"pubdate": "2014-12-25",
			"pubtimestamp": 1419487200,
			"category": {
				"name": "导航A",
				"en_name": "Nav A",
				"link": "list-imagetext.html"
			}
		},
		{
			"title": "[曼谷-芭提雅-泰国双飞5日游]",
			"image": "http://chanpin.xm12t.com.cn/images/tourlist/img2.jpg",
			"link": "content-news.html",
			"description": "暹罗剧场表演（列入金氏世界記錄的舞台）暹罗梦幻剧场是泰国规模最大的宏伟华丽剧院，剧场设",
			"pubdate": "2014-12-25",
			"pubtimestamp": 1419487200,
			"category": {
				"name": "导航A",
				"en_name": "Nav A",
				"link": "list-imagetext.html"
			}
		},
		{
			"title": "[雅加达-巴厘岛6日游]",
			"image": "http://chanpin.xm12t.com.cn/images/tourlist/img3.jpg",
			"link": "content-news.html",
			"description": "第一天下午3点福州长乐国际机场集中，度假去喽！怀着一颗期待已",
			"pubdate": "2014-12-25",
			"pubtimestamp": 1419487200,
			"category": {
				"name": "导航A",
				"en_name": "Nav A",
				"link": "list-imagetext.html"
			}
		},
		{
			"title": "[台湾自由行4天3夜]",
			"image": "http://chanpin.xm12t.com.cn/images/tourlist/img4.jpg",
			"link": "content-news.html",
			"description": "意大利（庞贝古城 卡普里岛 奥尔维耶托 亚西西）欧洲深度探索漫游之旅10天",
			"pubdate": "2014-12-25",
			"pubtimestamp": 1419487200,
			"category": {
				"name": "导航A",
				"en_name": "Nav A",
				"link": "list-imagetext.html"
			}
		},
		{
			"title": "[台湾自由行4天3夜]",
			"image": "http://chanpin.xm12t.com.cn/images/tourlist/img5.jpg",
			"link": "content-news.html",
			"description": "意大利（庞贝古城 卡普里岛 奥尔维耶托 亚西西）欧洲深度探索漫游之旅10天",
			"pubdate": "2014-12-25",
			"pubtimestamp": 1419487200,
			"category": {
				"name": "导航A",
				"en_name": "Nav A",
				"link": "list-imagetext.html"
			}
		},
		{
			"title": "[台湾自由行4天3夜]",
			"image": "http://chanpin.xm12t.com.cn/images/tourlist/img6.jpg",
			"link": "content-news.html",
			"description": "意大利（庞贝古城 卡普里岛 奥尔维耶托 亚西西）欧洲深度探索漫游之旅10天",
			"pubdate": "2014-12-25",
			"pubtimestamp": 1419487200,
			"category": {
				"name": "导航A",
				"en_name": "Nav A",
				"link": "list-imagetext.html"
			}
		},
		{
			"title": "[台湾自由行4天3夜]",
			"image": "http://chanpin.xm12t.com.cn/images/tourlist/img7.jpg",
			"link": "content-news.html",
			"description": "意大利（庞贝古城 卡普里岛 奥尔维耶托 亚西西）欧洲深度探索漫游之旅10天",
			"pubdate": "2014-12-25",
			"pubtimestamp": 1419487200,
			"category": {
				"name": "导航A",
				"en_name": "Nav A",
				"link": "list-imagetext.html"
			}
		},
		{
			"title": "[台湾自由行4天3夜]",
			"image": "http://chanpin.xm12t.com.cn/images/tourlist/img8.jpg",
			"link": "content-news.html",
			"description": "意大利（庞贝古城 卡普里岛 奥尔维耶托 亚西西）欧洲深度探索漫游之旅10天",
			"pubdate": "2014-12-25",
			"pubtimestamp": 1419487200,
			"category": {
				"name": "导航A",
				"en_name": "Nav A",
				"link": "list-imagetext.html"
			}
		},
		{
			"title": "[台湾自由行4天3夜]",
			"image": "http://chanpin.xm12t.com.cn/images/tourlist/img9.jpg",
			"link": "content-news.html",
			"description": "意大利（庞贝古城 卡普里岛 奥尔维耶托 亚西西）欧洲深度探索漫游之旅10天",
			"pubdate": "2014-12-25",
			"pubtimestamp": 1419487200,
			"category": {
				"name": "导航A",
				"en_name": "Nav A",
				"link": "list-imagetext.html"
			}
		},
		{
			"title": "[台湾自由行4天3夜]",
			"image": "http://chanpin.xm12t.com.cn/images/tourlist/img10.jpg",
			"link": "content-news.html",
			"description": "意大利（庞贝古城 卡普里岛 奥尔维耶托 亚西西）欧洲深度探索漫游之旅10天",
			"pubdate": "2014-12-25",
			"pubtimestamp": 1419487200,
			"category": {
				"name": "导航A",
				"en_name": "Nav A",
				"link": "list-imagetext.html"
			}
		},
		{
			"title": "这是一篇测试文章",
			"image": "http://chanpin.xm12t.com.cn/images/art_02.jpg",
			"link": "content-news.html",
			"description": "今天天气不错，挺风和日丽的...",
			"pubdate": "2014-12-25",
			"pubtimestamp": 1419487200,
			"category": {
				"name": "导航A",
				"en_name": "Nav A",
				"link": "list-imagetext.html"
			}
		},
		{
			"title": "这是一篇测试文章",
			"image": "http://chanpin.xm12t.com.cn/images/art_02.jpg",
			"link": "content-news.html",
			"description": "今天天气不错，挺风和日丽的...",
			"pubdate": "2014-12-25",
			"pubtimestamp": 1419487200,
			"category": {
				"name": "导航A",
				"en_name": "Nav A",
				"link": "list-imagetext.html"
			}
		}
	],
	"list": {
		"name": "栏目A",
		"en_name": "Nav A",
		"image": "http://chanpin.xm12t.com.cn/images/tourlist/img1.jpg",
		"link": "list-text.html",
		"description": "这是栏目A的一段描述...",
		"content": "<p>外景照片更加自然更加美丽，是婚纱照不可或缺的，涉及外景车，燃油，工餐，饮水等费用都是由蒙娜丽莎来担负的。一些高端套系比如万元以上是没有任何场地费用的，但是一些低端套系，如果您想去特殊景点如非常勿扰2、蜈支洲岛等，要有相应的场地费。</p><p>完全不用携带多余的东西，下列物品需携带：防晒霜、太阳伞、防蚊液、隐形文胸，如果有条件自己带几件便装，可以让挑选的余地更大，太多的东西反而累赘。</p><p>您选择的游艇套系所需要的一些小道具我们蒙娜丽莎工作室都有相应的安排，请不必担心。再有特殊细节注意事项，客服会在拍摄日期之前一一通知到位。</p><p>您选择的游艇套系所需要的一些小道具我们蒙娜丽莎工作室都有相应的安排，请不必担心。再有特殊细节注意事项，客服会在拍摄日期之前一一通知到位。</p><p>在拍婚纱照前几天一定要休息好，保证皮肤状况良好，因为蒙娜丽莎倡导淡妆的真实美，如果恰好皮肤问题集中爆发，只能让化妆师的妙手来帮你啦，呵呵。蒙娜丽莎的化妆师造型师会把你打扮的美美的。</p><p>选片方面蒙娜丽莎也有人性化的服务，首先确定是否加选照片，明确挑片所需时间，我们会有专人陪同选片的，以严苛的角度来挑选，注意表情、光线、美感搭配度、动作、小细节等标准。您也可将自己喜欢的排版方式和精修片风格传达给后期数码师，数码师会酌情处理。另外，蒙娜丽莎的底片是全送的，您拿到照片后也可在当地另行加工。<br />在修片环节，蒙娜丽莎倡导调整光线美感和明显瑕疵的修复，会尽量完整的保留原始图片美感。如果修的太厉害，难免会失真的。尺度的把握数码师会从专业角度处理。其实就算一点没有精修的原图片就已经很惊艳了，蒙娜丽莎摄影师在外景拍摄上不会让您失望的。</p>",
		"data": [
			{
				"title": "[台湾自由行4天3夜]",
				"image": "http://chanpin.xm12t.com.cn/images/tourlist/img1.jpg",
				"link": "content-news.html",
				"description": "意大利（庞贝古城 卡普里岛 奥尔维耶托 亚西西）欧洲深度探索漫游之旅10天",
				"pubdate": "2014-12-25",
				"pubtimestamp": 1419487200,
				"category": {
					"name": "导航A",
					"en_name": "Nav A",
					"link": "list-imagetext.html"
				}
			},
			{
				"title": "[曼谷-芭提雅-泰国双飞5日游]",
				"image": "http://chanpin.xm12t.com.cn/images/tourlist/img2.jpg",
				"link": "content-news.html",
				"description": "暹罗剧场表演（列入金氏世界記錄的舞台）暹罗梦幻剧场是泰国规模最大的宏伟华丽剧院，剧场设",
				"pubdate": "2014-12-25",
				"pubtimestamp": 1419487200,
				"category": {
					"name": "导航A",
					"en_name": "Nav A",
					"link": "list-imagetext.html"
				}
			},
			{
				"title": "[雅加达-巴厘岛6日游]",
				"image": "http://chanpin.xm12t.com.cn/images/tourlist/img3.jpg",
				"link": "content-news.html",
				"description": "第一天下午3点福州长乐国际机场集中，度假去喽！怀着一颗期待已",
				"pubdate": "2014-12-25",
				"pubtimestamp": 1419487200,
				"category": {
					"name": "导航A",
					"en_name": "Nav A",
					"link": "list-imagetext.html"
				}
			},
			{
				"title": "[台湾自由行4天3夜]",
				"image": "http://chanpin.xm12t.com.cn/images/tourlist/img4.jpg",
				"link": "content-news.html",
				"description": "意大利（庞贝古城 卡普里岛 奥尔维耶托 亚西西）欧洲深度探索漫游之旅10天",
				"pubdate": "2014-12-25",
				"pubtimestamp": 1419487200,
				"category": {
					"name": "导航A",
					"en_name": "Nav A",
					"link": "list-imagetext.html"
				}
			},
			{
				"title": "[台湾自由行4天3夜]",
				"image": "http://chanpin.xm12t.com.cn/images/tourlist/img5.jpg",
				"link": "content-news.html",
				"description": "意大利（庞贝古城 卡普里岛 奥尔维耶托 亚西西）欧洲深度探索漫游之旅10天",
				"pubdate": "2014-12-25",
				"pubtimestamp": 1419487200,
				"category": {
					"name": "导航A",
					"en_name": "Nav A",
					"link": "list-imagetext.html"
				}
			},
			{
				"title": "[台湾自由行4天3夜]",
				"image": "http://chanpin.xm12t.com.cn/images/tourlist/img6.jpg",
				"link": "content-news.html",
				"description": "意大利（庞贝古城 卡普里岛 奥尔维耶托 亚西西）欧洲深度探索漫游之旅10天",
				"pubdate": "2014-12-25",
				"pubtimestamp": 1419487200,
				"category": {
					"name": "导航A",
					"en_name": "Nav A",
					"link": "list-imagetext.html"
				}
			},
			{
				"title": "[台湾自由行4天3夜]",
				"image": "http://chanpin.xm12t.com.cn/images/tourlist/img7.jpg",
				"link": "content-news.html",
				"description": "意大利（庞贝古城 卡普里岛 奥尔维耶托 亚西西）欧洲深度探索漫游之旅10天",
				"pubdate": "2014-12-25",
				"pubtimestamp": 1419487200,
				"category": {
					"name": "导航A",
					"en_name": "Nav A",
					"link": "list-imagetext.html"
				}
			},
			{
				"title": "[台湾自由行4天3夜]",
				"image": "http://chanpin.xm12t.com.cn/images/tourlist/img8.jpg",
				"link": "content-news.html",
				"description": "意大利（庞贝古城 卡普里岛 奥尔维耶托 亚西西）欧洲深度探索漫游之旅10天",
				"pubdate": "2014-12-25",
				"pubtimestamp": 1419487200,
				"category": {
					"name": "导航A",
					"en_name": "Nav A",
					"link": "list-imagetext.html"
				}
			},
			{
				"title": "[台湾自由行4天3夜]",
				"image": "http://chanpin.xm12t.com.cn/images/tourlist/img9.jpg",
				"link": "content-news.html",
				"description": "意大利（庞贝古城 卡普里岛 奥尔维耶托 亚西西）欧洲深度探索漫游之旅10天",
				"pubdate": "2014-12-25",
				"pubtimestamp": 1419487200,
				"category": {
					"name": "导航A",
					"en_name": "Nav A",
					"link": "list-imagetext.html"
				}
			},
			{
				"title": "[台湾自由行4天3夜]",
				"image": "http://chanpin.xm12t.com.cn/images/tourlist/img10.jpg",
				"link": "content-news.html",
				"description": "意大利（庞贝古城 卡普里岛 奥尔维耶托 亚西西）欧洲深度探索漫游之旅10天",
				"pubdate": "2014-12-25",
				"pubtimestamp": 1419487200,
				"category": {
					"name": "导航A",
					"en_name": "Nav A",
					"link": "list-imagetext.html"
				}
			},
			{
				"title": "这是一篇测试文章",
				"image": "http://chanpin.xm12t.com.cn/images/art_02.jpg",
				"link": "content-news.html",
				"description": "今天天气不错，挺风和日丽的...",
				"pubdate": "2014-12-25",
				"pubtimestamp": 1419487200,
				"category": {
					"name": "导航A",
					"en_name": "Nav A",
					"link": "list-imagetext.html"
				}
			},
			{
				"title": "这是一篇测试文章",
				"image": "http://chanpin.xm12t.com.cn/images/art_02.jpg",
				"link": "content-news.html",
				"description": "今天天气不错，挺风和日丽的...",
				"pubdate": "2014-12-25",
				"pubtimestamp": 1419487200,
				"category": {
					"name": "导航A",
					"en_name": "Nav A",
					"link": "list-imagetext.html"
				}
			}
		],
		"total": 999,
		"type": 1
	},
	"search": {
		"keyword": "最新",
		"data": [
			{
				"title": "这是一篇测试文章",
				"image": "http://chanpin.xm12t.com.cn/images/art_02.jpg",
				"link": "content-news.html",
				"description": "今天天气不错，挺风和日丽的...",
				"pubdate": "2014-12-25",
				"pubtimestamp": 1419487200,
				"category": {
					"name": "导航A",
					"en_name": "Nav A",
					"link": "list-imagetext.html"
				}
			},
			{
				"title": "这是一篇测试文章",
				"image": "http://chanpin.xm12t.com.cn/images/art_02.jpg",
				"link": "content-news.html",
				"description": "今天天气不错，挺风和日丽的...",
				"pubdate": "2014-12-25",
				"pubtimestamp": 1419487200,
				"category": {
					"name": "导航A",
					"en_name": "Nav A",
					"link": "list-imagetext.html"
				}
			},
			{
				"title": "这是一篇测试文章",
				"image": "http://chanpin.xm12t.com.cn/images/art_02.jpg",
				"link": "content-news.html",
				"description": "今天天气不错，挺风和日丽的...",
				"pubdate": "2014-12-25",
				"pubtimestamp": 1419487200,
				"category": {
					"name": "导航A",
					"en_name": "Nav A",
					"link": "list-imagetext.html"
				}
			},
			{
				"title": "这是一篇测试文章",
				"image": "http://chanpin.xm12t.com.cn/images/art_02.jpg",
				"link": "content-news.html",
				"description": "今天天气不错，挺风和日丽的...",
				"pubdate": "2014-12-25",
				"pubtimestamp": 1419487200,
				"category": {
					"name": "导航A",
					"en_name": "Nav A",
					"link": "list-imagetext.html"
				}
			},
			{
				"title": "这是一篇测试文章",
				"image": "http://chanpin.xm12t.com.cn/images/art_02.jpg",
				"link": "content-news.html",
				"description": "今天天气不错，挺风和日丽的...",
				"pubdate": "2014-12-25",
				"pubtimestamp": 1419487200,
				"category": {
					"name": "导航A",
					"en_name": "Nav A",
					"link": "list-imagetext.html"
				}
			},
			{
				"title": "这是一篇测试文章",
				"image": "http://chanpin.xm12t.com.cn/images/art_02.jpg",
				"link": "content-news.html",
				"description": "今天天气不错，挺风和日丽的...",
				"pubdate": "2014-12-25",
				"pubtimestamp": 1419487200,
				"category": {
					"name": "导航A",
					"en_name": "Nav A",
					"link": "list-imagetext.html"
				}
			},
			{
				"title": "这是一篇测试文章",
				"image": "http://chanpin.xm12t.com.cn/images/art_02.jpg",
				"link": "content-news.html",
				"description": "今天天气不错，挺风和日丽的...",
				"pubdate": "2014-12-25",
				"pubtimestamp": 1419487200,
				"category": {
					"name": "导航A",
					"en_name": "Nav A",
					"link": "list-imagetext.html"
				}
			},
			{
				"title": "这是一篇测试文章",
				"image": "http://chanpin.xm12t.com.cn/images/art_02.jpg",
				"link": "content-news.html",
				"description": "今天天气不错，挺风和日丽的...",
				"pubdate": "2014-12-25",
				"pubtimestamp": 1419487200,
				"category": {
					"name": "导航A",
					"en_name": "Nav A",
					"link": "list-imagetext.html"
				}
			},
			{
				"title": "这是一篇测试文章",
				"image": "http://chanpin.xm12t.com.cn/images/art_02.jpg",
				"link": "content-news.html",
				"description": "今天天气不错，挺风和日丽的...",
				"pubdate": "2014-12-25",
				"pubtimestamp": 1419487200,
				"category": {
					"name": "导航A",
					"en_name": "Nav A",
					"link": "list-imagetext.html"
				}
			},
			{
				"title": "这是一篇测试文章",
				"image": "http://chanpin.xm12t.com.cn/images/art_02.jpg",
				"link": "content-news.html",
				"description": "今天天气不错，挺风和日丽的...",
				"pubdate": "2014-12-25",
				"pubtimestamp": 1419487200,
				"category": {
					"name": "导航A",
					"en_name": "Nav A",
					"link": "list-imagetext.html"
				}
			},
			{
				"title": "这是一篇测试文章",
				"image": "http://chanpin.xm12t.com.cn/images/art_02.jpg",
				"link": "content-news.html",
				"description": "今天天气不错，挺风和日丽的...",
				"pubdate": "2014-12-25",
				"pubtimestamp": 1419487200,
				"category": {
					"name": "导航A",
					"en_name": "Nav A",
					"link": "list-imagetext.html"
				}
			},
			{
				"title": "这是一篇测试文章",
				"image": "http://chanpin.xm12t.com.cn/images/art_02.jpg",
				"link": "content-news.html",
				"description": "今天天气不错，挺风和日丽的...",
				"pubdate": "2014-12-25",
				"pubtimestamp": 1419487200,
				"category": {
					"name": "导航A",
					"en_name": "Nav A",
					"link": "list-imagetext.html"
				}
			}
		],
		"total": 66
	},
	"page_links": {
		"page_count": 99,
		"per_page": 12,
		"current_page": 1,
		"first_link": "",
		"prev_link": "",
		"next_link": "list-image.html?p=2",
		"last_link": "list-image.html?p=99",
		"nears_link": {
			"1": "",
			"2": "list-imagetext.html?p=2",
			"3": "list-imagetext.html?p=3",
			"4": "list-imagetext.html?p=4",
			"5": "list-imagetext.html?p=5"
		}
	},
	"mIndexCats": [
		{
			"name": "关于我们",
			"en_name": "About Us",
			"link": "list-page.html?id=1",
			"image": "images/about.jpg",
			"description": "这是栏目的一段描述...",
			"content": "&lt;p&gt;这里是页面内容，可以使用html&lt;/p&gt;",
			"type": 4,
			"showtype": 1
		},
		{
			"name": "旅游资讯",
			"en_name": "Trip News",
			"link": "list-page.html?id=2",
			"image": "http://chanpin.xm12t.com.cn/images/tourlist/navicon3.png",
			"description": "这是栏目的一段描述...",
			"content": "&lt;p&gt;这里是页面内容，可以使用html&lt;/p&gt;",
			"type": 4,
			"showtype": 1
		},
		{
			"name": "精选景点",
			"en_name": "Seleted Attractions",
			"link": "list-image.html?id=8",
			"image": "http://chanpin.xm12t.com.cn/images/cat_01.jpg",
			"description": "这是栏目的一段描述...",
			"data": [
				{
					"title": "精品日本游",
					"image": "http://chanpin.xm12t.com.cn/images/tourlist/img1.jpg",
					"link": "content-news.html",
					"description": "意大利（庞贝古城 卡普里岛 奥尔维耶托 亚西西）欧洲深度探索漫游之旅10天",
					"pubdate": "2014-12-25",
					"pubtimestamp": 1419487200,
					"category": {
						"name": "导航A",
						"en_name": "Nav A",
						"link": "list-imagetext.html"
					}
				},
				{
					"title": "文艺欧洲行",
					"image": "http://chanpin.xm12t.com.cn/images/tourlist/img2.jpg",
					"link": "content-news.html",
					"description": "暹罗剧场表演（列入金氏世界記錄的舞台）暹罗梦幻剧场是泰国规模最大的宏伟华丽剧院，剧场设",
					"pubdate": "2014-12-25",
					"pubtimestamp": 1419487200,
					"category": {
						"name": "导航A",
						"en_name": "Nav A",
						"link": "list-imagetext.html"
					}
				},
				{
					"title": "风情东南亚",
					"image": "http://chanpin.xm12t.com.cn/images/tourlist/img3.jpg",
					"link": "content-news.html",
					"description": "第一天下午3点福州长乐国际机场集中，度假去喽！怀着一颗期待已",
					"pubdate": "2014-12-25",
					"pubtimestamp": 1419487200,
					"category": {
						"name": "导航A",
						"en_name": "Nav A",
						"link": "list-imagetext.html"
					}
				},
				{
					"title": "激情美洲游",
					"image": "http://chanpin.xm12t.com.cn/images/tourlist/img4.jpg",
					"link": "content-news.html",
					"description": "意大利（庞贝古城 卡普里岛 奥尔维耶托 亚西西）欧洲深度探索漫游之旅10天",
					"pubdate": "2014-12-25",
					"pubtimestamp": 1419487200,
					"category": {
						"name": "导航A",
						"en_name": "Nav A",
						"link": "list-imagetext.html"
					}
				},
				{
					"title": "[台湾自由行4天3夜]",
					"image": "http://chanpin.xm12t.com.cn/images/tourlist/img5.jpg",
					"link": "content-news.html",
					"description": "意大利（庞贝古城 卡普里岛 奥尔维耶托 亚西西）欧洲深度探索漫游之旅10天",
					"pubdate": "2014-12-25",
					"pubtimestamp": 1419487200,
					"category": {
						"name": "导航A",
						"en_name": "Nav A",
						"link": "list-imagetext.html"
					}
				},
				{
					"title": "[台湾自由行4天3夜]",
					"image": "http://chanpin.xm12t.com.cn/images/tourlist/img6.jpg",
					"link": "content-news.html",
					"description": "意大利（庞贝古城 卡普里岛 奥尔维耶托 亚西西）欧洲深度探索漫游之旅10天",
					"pubdate": "2014-12-25",
					"pubtimestamp": 1419487200,
					"category": {
						"name": "导航A",
						"en_name": "Nav A",
						"link": "list-imagetext.html"
					}
				},
				{
					"title": "[台湾自由行4天3夜]",
					"image": "http://chanpin.xm12t.com.cn/images/tourlist/img7.jpg",
					"link": "content-news.html",
					"description": "意大利（庞贝古城 卡普里岛 奥尔维耶托 亚西西）欧洲深度探索漫游之旅10天",
					"pubdate": "2014-12-25",
					"pubtimestamp": 1419487200,
					"category": {
						"name": "导航A",
						"en_name": "Nav A",
						"link": "list-imagetext.html"
					}
				},
				{
					"title": "[台湾自由行4天3夜]",
					"image": "http://chanpin.xm12t.com.cn/images/tourlist/img8.jpg",
					"link": "content-news.html",
					"description": "意大利（庞贝古城 卡普里岛 奥尔维耶托 亚西西）欧洲深度探索漫游之旅10天",
					"pubdate": "2014-12-25",
					"pubtimestamp": 1419487200,
					"category": {
						"name": "导航A",
						"en_name": "Nav A",
						"link": "list-imagetext.html"
					}
				},
				{
					"title": "[台湾自由行4天3夜]",
					"image": "http://chanpin.xm12t.com.cn/images/tourlist/img9.jpg",
					"link": "content-news.html",
					"description": "意大利（庞贝古城 卡普里岛 奥尔维耶托 亚西西）欧洲深度探索漫游之旅10天",
					"pubdate": "2014-12-25",
					"pubtimestamp": 1419487200,
					"category": {
						"name": "导航A",
						"en_name": "Nav A",
						"link": "list-imagetext.html"
					}
				},
				{
					"title": "[台湾自由行4天3夜]",
					"image": "http://chanpin.xm12t.com.cn/images/tourlist/img10.jpg",
					"link": "content-news.html",
					"description": "意大利（庞贝古城 卡普里岛 奥尔维耶托 亚西西）欧洲深度探索漫游之旅10天",
					"pubdate": "2014-12-25",
					"pubtimestamp": 1419487200,
					"category": {
						"name": "导航A",
						"en_name": "Nav A",
						"link": "list-imagetext.html"
					}
				},
				{
					"title": "这是一篇测试文章",
					"image": "http://chanpin.xm12t.com.cn/images/art_02.jpg",
					"link": "content-news.html",
					"description": "今天天气不错，挺风和日丽的...",
					"pubdate": "2014-12-25",
					"pubtimestamp": 1419487200,
					"category": {
						"name": "导航A",
						"en_name": "Nav A",
						"link": "list-imagetext.html"
					}
				},
				{
					"title": "这是一篇测试文章",
					"image": "http://chanpin.xm12t.com.cn/images/art_02.jpg",
					"link": "content-news.html",
					"description": "今天天气不错，挺风和日丽的...",
					"pubdate": "2014-12-25",
					"pubtimestamp": 1419487200,
					"category": {
						"name": "导航A",
						"en_name": "Nav A",
						"link": "list-imagetext.html"
					}
				}
			],
			"type": 2,
			"showtype": 1
		},
		{
			"name": "当季热门景点",
			"en_name": "Hot Attractions",
			"link": "list-imagetext.html?id=9",
			"image": "http://chanpin.xm12t.com.cn/images/cat_01.jpg",
			"description": "这是栏目的一段描述...",
			"data": [
				{
					"title": "[台湾自由行4天3夜]",
					"image": "http://chanpin.xm12t.com.cn/images/tourlist/img5.jpg",
					"link": "content-news.html",
					"description": "意大利（庞贝古城 卡普里岛 奥尔维耶托 亚西西）欧洲深度探索漫游之旅10天",
					"pubdate": "2014-12-25",
					"pubtimestamp": 1419487200,
					"category": {
						"name": "导航A",
						"en_name": "Nav A",
						"link": "list-imagetext.html"
					}
				},
				{
					"title": "[曼谷-芭提雅-泰国双飞5日游]",
					"image": "http://chanpin.xm12t.com.cn/images/tourlist/img6.jpg",
					"link": "content-news.html",
					"description": "暹罗剧场表演（列入金氏世界記錄的舞台）暹罗梦幻剧场是泰国规模最大的宏伟华丽剧院，剧场设",
					"pubdate": "2014-12-25",
					"pubtimestamp": 1419487200,
					"category": {
						"name": "导航A",
						"en_name": "Nav A",
						"link": "list-imagetext.html"
					}
				},
				{
					"title": "[雅加达-巴厘岛6日游]",
					"image": "http://chanpin.xm12t.com.cn/images/tourlist/img7.jpg",
					"link": "content-news.html",
					"description": "第一天下午3点福州长乐国际机场集中，度假去喽！怀着一颗期待已",
					"pubdate": "2014-12-25",
					"pubtimestamp": 1419487200,
					"category": {
						"name": "导航A",
						"en_name": "Nav A",
						"link": "list-imagetext.html"
					}
				},
				{
					"title": "[台湾自由行4天3夜]",
					"image": "http://chanpin.xm12t.com.cn/images/tourlist/img8.jpg",
					"link": "content-news.html",
					"description": "意大利（庞贝古城 卡普里岛 奥尔维耶托 亚西西）欧洲深度探索漫游之旅10天",
					"pubdate": "2014-12-25",
					"pubtimestamp": 1419487200,
					"category": {
						"name": "导航A",
						"en_name": "Nav A",
						"link": "list-imagetext.html"
					}
				},
				{
					"title": "[台湾自由行4天3夜]",
					"image": "http://chanpin.xm12t.com.cn/images/tourlist/img5.jpg",
					"link": "content-news.html",
					"description": "意大利（庞贝古城 卡普里岛 奥尔维耶托 亚西西）欧洲深度探索漫游之旅10天",
					"pubdate": "2014-12-25",
					"pubtimestamp": 1419487200,
					"category": {
						"name": "导航A",
						"en_name": "Nav A",
						"link": "list-imagetext.html"
					}
				},
				{
					"title": "[台湾自由行4天3夜]",
					"image": "http://chanpin.xm12t.com.cn/images/tourlist/img6.jpg",
					"link": "content-news.html",
					"description": "意大利（庞贝古城 卡普里岛 奥尔维耶托 亚西西）欧洲深度探索漫游之旅10天",
					"pubdate": "2014-12-25",
					"pubtimestamp": 1419487200,
					"category": {
						"name": "导航A",
						"en_name": "Nav A",
						"link": "list-imagetext.html"
					}
				},
				{
					"title": "[台湾自由行4天3夜]",
					"image": "http://chanpin.xm12t.com.cn/images/tourlist/img7.jpg",
					"link": "content-news.html",
					"description": "意大利（庞贝古城 卡普里岛 奥尔维耶托 亚西西）欧洲深度探索漫游之旅10天",
					"pubdate": "2014-12-25",
					"pubtimestamp": 1419487200,
					"category": {
						"name": "导航A",
						"en_name": "Nav A",
						"link": "list-imagetext.html"
					}
				},
				{
					"title": "[台湾自由行4天3夜]",
					"image": "http://chanpin.xm12t.com.cn/images/tourlist/img8.jpg",
					"link": "content-news.html",
					"description": "意大利（庞贝古城 卡普里岛 奥尔维耶托 亚西西）欧洲深度探索漫游之旅10天",
					"pubdate": "2014-12-25",
					"pubtimestamp": 1419487200,
					"category": {
						"name": "导航A",
						"en_name": "Nav A",
						"link": "list-imagetext.html"
					}
				},
				{
					"title": "[台湾自由行4天3夜]",
					"image": "http://chanpin.xm12t.com.cn/images/tourlist/img9.jpg",
					"link": "content-news.html",
					"description": "意大利（庞贝古城 卡普里岛 奥尔维耶托 亚西西）欧洲深度探索漫游之旅10天",
					"pubdate": "2014-12-25",
					"pubtimestamp": 1419487200,
					"category": {
						"name": "导航A",
						"en_name": "Nav A",
						"link": "list-imagetext.html"
					}
				},
				{
					"title": "[台湾自由行4天3夜]",
					"image": "http://chanpin.xm12t.com.cn/images/tourlist/img10.jpg",
					"link": "content-news.html",
					"description": "意大利（庞贝古城 卡普里岛 奥尔维耶托 亚西西）欧洲深度探索漫游之旅10天",
					"pubdate": "2014-12-25",
					"pubtimestamp": 1419487200,
					"category": {
						"name": "导航A",
						"en_name": "Nav A",
						"link": "list-imagetext.html"
					}
				},
				{
					"title": "这是一篇测试文章",
					"image": "http://chanpin.xm12t.com.cn/images/art_02.jpg",
					"link": "content-news.html",
					"description": "今天天气不错，挺风和日丽的...",
					"pubdate": "2014-12-25",
					"pubtimestamp": 1419487200,
					"category": {
						"name": "导航A",
						"en_name": "Nav A",
						"link": "list-imagetext.html"
					}
				},
				{
					"title": "这是一篇测试文章",
					"image": "http://chanpin.xm12t.com.cn/images/art_02.jpg",
					"link": "content-news.html",
					"description": "今天天气不错，挺风和日丽的...",
					"pubdate": "2014-12-25",
					"pubtimestamp": 1419487200,
					"category": {
						"name": "导航A",
						"en_name": "Nav A",
						"link": "list-imagetext.html"
					}
				}
			],
			"type": 3,
			"showtype": 1
		},
		{
			"name": "联系我们",
			"en_name": "Contacts",
			"link": "list-page.html?id=3",
			"image": "http://chanpin.xm12t.com.cn/images/tourlist/navicon4.png",
			"description": "这是栏目的一段描述...",
			"content": "&lt;p&gt;这里是页面内容，可以使用html&lt;/p&gt;",
			"type": 4,
			"showtype": 1
		},
		{
			"name": "周边游",
			"en_name": "Trip Around",
			"link": "list-text.html?id=4",
			"image": "http://chanpin.xm12t.com.cn/images/tourlist/navicon5.png",
			"description": "这是栏目的一段描述...",
			"data": [
				{
					"title": "鼓浪屿",
					"image": "http://chanpin.xm12t.com.cn/images/tourlist/img1.jpg",
					"link": "content-news.html",
					"description": "意大利（庞贝古城 卡普里岛 奥尔维耶托 亚西西）欧洲深度探索漫游之旅10天",
					"pubdate": "2014-12-25",
					"pubtimestamp": 1419487200,
					"category": {
						"name": "导航A",
						"en_name": "Nav A",
						"link": "list-imagetext.html"
					}
				},
				{
					"title": "金光湖",
					"image": "http://chanpin.xm12t.com.cn/images/tourlist/img2.jpg",
					"link": "content-news.html",
					"description": "暹罗剧场表演（列入金氏世界記錄的舞台）暹罗梦幻剧场是泰国规模最大的宏伟华丽剧院，剧场设",
					"pubdate": "2014-12-25",
					"pubtimestamp": 1419487200,
					"category": {
						"name": "导航A",
						"en_name": "Nav A",
						"link": "list-imagetext.html"
					}
				},
				{
					"title": "野山谷",
					"image": "http://chanpin.xm12t.com.cn/images/tourlist/img3.jpg",
					"link": "content-news.html",
					"description": "第一天下午3点福州长乐国际机场集中，度假去喽！怀着一颗期待已",
					"pubdate": "2014-12-25",
					"pubtimestamp": 1419487200,
					"category": {
						"name": "导航A",
						"en_name": "Nav A",
						"link": "list-imagetext.html"
					}
				},
				{
					"title": "大嶝",
					"image": "http://chanpin.xm12t.com.cn/images/tourlist/img4.jpg",
					"link": "content-news.html",
					"description": "意大利（庞贝古城 卡普里岛 奥尔维耶托 亚西西）欧洲深度探索漫游之旅10天",
					"pubdate": "2014-12-25",
					"pubtimestamp": 1419487200,
					"category": {
						"name": "导航A",
						"en_name": "Nav A",
						"link": "list-imagetext.html"
					}
				},
				{
					"title": "漳州",
					"image": "http://chanpin.xm12t.com.cn/images/tourlist/img5.jpg",
					"link": "content-news.html",
					"description": "意大利（庞贝古城 卡普里岛 奥尔维耶托 亚西西）欧洲深度探索漫游之旅10天",
					"pubdate": "2014-12-25",
					"pubtimestamp": 1419487200,
					"category": {
						"name": "导航A",
						"en_name": "Nav A",
						"link": "list-imagetext.html"
					}
				},
				{
					"title": "龙岩",
					"image": "http://chanpin.xm12t.com.cn/images/tourlist/img6.jpg",
					"link": "content-news.html",
					"description": "意大利（庞贝古城 卡普里岛 奥尔维耶托 亚西西）欧洲深度探索漫游之旅10天",
					"pubdate": "2014-12-25",
					"pubtimestamp": 1419487200,
					"category": {
						"name": "导航A",
						"en_name": "Nav A",
						"link": "list-imagetext.html"
					}
				},
				{
					"title": "福建土楼",
					"image": "http://chanpin.xm12t.com.cn/images/tourlist/img7.jpg",
					"link": "content-news.html",
					"description": "意大利（庞贝古城 卡普里岛 奥尔维耶托 亚西西）欧洲深度探索漫游之旅10天",
					"pubdate": "2014-12-25",
					"pubtimestamp": 1419487200,
					"category": {
						"name": "导航A",
						"en_name": "Nav A",
						"link": "list-imagetext.html"
					}
				},
				{
					"title": "武夷山",
					"image": "http://chanpin.xm12t.com.cn/images/tourlist/img8.jpg",
					"link": "content-news.html",
					"description": "意大利（庞贝古城 卡普里岛 奥尔维耶托 亚西西）欧洲深度探索漫游之旅10天",
					"pubdate": "2014-12-25",
					"pubtimestamp": 1419487200,
					"category": {
						"name": "导航A",
						"en_name": "Nav A",
						"link": "list-imagetext.html"
					}
				},
				{
					"title": "福州",
					"image": "http://chanpin.xm12t.com.cn/images/tourlist/img9.jpg",
					"link": "content-news.html",
					"description": "意大利（庞贝古城 卡普里岛 奥尔维耶托 亚西西）欧洲深度探索漫游之旅10天",
					"pubdate": "2014-12-25",
					"pubtimestamp": 1419487200,
					"category": {
						"name": "导航A",
						"en_name": "Nav A",
						"link": "list-imagetext.html"
					}
				},
				{
					"title": "连城",
					"image": "http://chanpin.xm12t.com.cn/images/tourlist/img10.jpg",
					"link": "content-news.html",
					"description": "意大利（庞贝古城 卡普里岛 奥尔维耶托 亚西西）欧洲深度探索漫游之旅10天",
					"pubdate": "2014-12-25",
					"pubtimestamp": 1419487200,
					"category": {
						"name": "导航A",
						"en_name": "Nav A",
						"link": "list-imagetext.html"
					}
				},
				{
					"title": "永泰",
					"image": "http://chanpin.xm12t.com.cn/images/art_02.jpg",
					"link": "content-news.html",
					"description": "今天天气不错，挺风和日丽的...",
					"pubdate": "2014-12-25",
					"pubtimestamp": 1419487200,
					"category": {
						"name": "导航A",
						"en_name": "Nav A",
						"link": "list-imagetext.html"
					}
				},
				{
					"title": "连江",
					"image": "http://chanpin.xm12t.com.cn/images/art_02.jpg",
					"link": "content-news.html",
					"description": "今天天气不错，挺风和日丽的...",
					"pubdate": "2014-12-25",
					"pubtimestamp": 1419487200,
					"category": {
						"name": "导航A",
						"en_name": "Nav A",
						"link": "list-imagetext.html"
					}
				}
			],
			"type": 1,
			"showtype": 1
		},
		{
			"name": "国内游",
			"en_name": "Trip Internal",
			"link": "list-text.html?id=5",
			"image": "http://chanpin.xm12t.com.cn/images/tourlist/navicon6.png",
			"description": "这是栏目的一段描述...",
			"data": [
				{
					"title": "三亚",
					"image": "http://chanpin.xm12t.com.cn/images/tourlist/img1.jpg",
					"link": "content-news.html",
					"description": "意大利（庞贝古城 卡普里岛 奥尔维耶托 亚西西）欧洲深度探索漫游之旅10天",
					"pubdate": "2014-12-25",
					"pubtimestamp": 1419487200,
					"category": {
						"name": "导航A",
						"en_name": "Nav A",
						"link": "list-imagetext.html"
					}
				},
				{
					"title": "天涯海角",
					"image": "http://chanpin.xm12t.com.cn/images/tourlist/img2.jpg",
					"link": "content-news.html",
					"description": "暹罗剧场表演（列入金氏世界記錄的舞台）暹罗梦幻剧场是泰国规模最大的宏伟华丽剧院，剧场设",
					"pubdate": "2014-12-25",
					"pubtimestamp": 1419487200,
					"category": {
						"name": "导航A",
						"en_name": "Nav A",
						"link": "list-imagetext.html"
					}
				},
				{
					"title": "蜈支洲岛",
					"image": "http://chanpin.xm12t.com.cn/images/tourlist/img3.jpg",
					"link": "content-news.html",
					"description": "第一天下午3点福州长乐国际机场集中，度假去喽！怀着一颗期待已",
					"pubdate": "2014-12-25",
					"pubtimestamp": 1419487200,
					"category": {
						"name": "导航A",
						"en_name": "Nav A",
						"link": "list-imagetext.html"
					}
				},
				{
					"title": "南山文化苑",
					"image": "http://chanpin.xm12t.com.cn/images/tourlist/img4.jpg",
					"link": "content-news.html",
					"description": "意大利（庞贝古城 卡普里岛 奥尔维耶托 亚西西）欧洲深度探索漫游之旅10天",
					"pubdate": "2014-12-25",
					"pubtimestamp": 1419487200,
					"category": {
						"name": "导航A",
						"en_name": "Nav A",
						"link": "list-imagetext.html"
					}
				},
				{
					"title": "昆明",
					"image": "http://chanpin.xm12t.com.cn/images/tourlist/img5.jpg",
					"link": "content-news.html",
					"description": "意大利（庞贝古城 卡普里岛 奥尔维耶托 亚西西）欧洲深度探索漫游之旅10天",
					"pubdate": "2014-12-25",
					"pubtimestamp": 1419487200,
					"category": {
						"name": "导航A",
						"en_name": "Nav A",
						"link": "list-imagetext.html"
					}
				},
				{
					"title": "大理",
					"image": "http://chanpin.xm12t.com.cn/images/tourlist/img6.jpg",
					"link": "content-news.html",
					"description": "意大利（庞贝古城 卡普里岛 奥尔维耶托 亚西西）欧洲深度探索漫游之旅10天",
					"pubdate": "2014-12-25",
					"pubtimestamp": 1419487200,
					"category": {
						"name": "导航A",
						"en_name": "Nav A",
						"link": "list-imagetext.html"
					}
				},
				{
					"title": "丽江",
					"image": "http://chanpin.xm12t.com.cn/images/tourlist/img7.jpg",
					"link": "content-news.html",
					"description": "意大利（庞贝古城 卡普里岛 奥尔维耶托 亚西西）欧洲深度探索漫游之旅10天",
					"pubdate": "2014-12-25",
					"pubtimestamp": 1419487200,
					"category": {
						"name": "导航A",
						"en_name": "Nav A",
						"link": "list-imagetext.html"
					}
				},
				{
					"title": "香格里拉",
					"image": "http://chanpin.xm12t.com.cn/images/tourlist/img8.jpg",
					"link": "content-news.html",
					"description": "意大利（庞贝古城 卡普里岛 奥尔维耶托 亚西西）欧洲深度探索漫游之旅10天",
					"pubdate": "2014-12-25",
					"pubtimestamp": 1419487200,
					"category": {
						"name": "导航A",
						"en_name": "Nav A",
						"link": "list-imagetext.html"
					}
				},
				{
					"title": "北京",
					"image": "http://chanpin.xm12t.com.cn/images/tourlist/img9.jpg",
					"link": "content-news.html",
					"description": "意大利（庞贝古城 卡普里岛 奥尔维耶托 亚西西）欧洲深度探索漫游之旅10天",
					"pubdate": "2014-12-25",
					"pubtimestamp": 1419487200,
					"category": {
						"name": "导航A",
						"en_name": "Nav A",
						"link": "list-imagetext.html"
					}
				},
				{
					"title": "九寨沟",
					"image": "http://chanpin.xm12t.com.cn/images/tourlist/img10.jpg",
					"link": "content-news.html",
					"description": "意大利（庞贝古城 卡普里岛 奥尔维耶托 亚西西）欧洲深度探索漫游之旅10天",
					"pubdate": "2014-12-25",
					"pubtimestamp": 1419487200,
					"category": {
						"name": "导航A",
						"en_name": "Nav A",
						"link": "list-imagetext.html"
					}
				},
				{
					"title": "峨眉山",
					"image": "http://chanpin.xm12t.com.cn/images/art_02.jpg",
					"link": "content-news.html",
					"description": "今天天气不错，挺风和日丽的...",
					"pubdate": "2014-12-25",
					"pubtimestamp": 1419487200,
					"category": {
						"name": "导航A",
						"en_name": "Nav A",
						"link": "list-imagetext.html"
					}
				},
				{
					"title": "桂林",
					"image": "http://chanpin.xm12t.com.cn/images/art_02.jpg",
					"link": "content-news.html",
					"description": "今天天气不错，挺风和日丽的...",
					"pubdate": "2014-12-25",
					"pubtimestamp": 1419487200,
					"category": {
						"name": "导航A",
						"en_name": "Nav A",
						"link": "list-imagetext.html"
					}
				}
			],
			"type": 1,
			"showtype": 2
		},
		{
			"name": "境外游",
			"en_name": "Trip International",
			"link": "list-text.html?id=6",
			"image": "http://chanpin.xm12t.com.cn/images/tourlist/navicon7.png",
			"description": "这是栏目的一段描述...",
			"data": [
				{
					"title": "法国",
					"image": "http://chanpin.xm12t.com.cn/images/tourlist/img1.jpg",
					"link": "content-news.html",
					"description": "意大利（庞贝古城 卡普里岛 奥尔维耶托 亚西西）欧洲深度探索漫游之旅10天",
					"pubdate": "2014-12-25",
					"pubtimestamp": 1419487200,
					"category": {
						"name": "导航A",
						"en_name": "Nav A",
						"link": "list-imagetext.html"
					}
				},
				{
					"title": "瑞士",
					"image": "http://chanpin.xm12t.com.cn/images/tourlist/img2.jpg",
					"link": "content-news.html",
					"description": "暹罗剧场表演（列入金氏世界記錄的舞台）暹罗梦幻剧场是泰国规模最大的宏伟华丽剧院，剧场设",
					"pubdate": "2014-12-25",
					"pubtimestamp": 1419487200,
					"category": {
						"name": "导航A",
						"en_name": "Nav A",
						"link": "list-imagetext.html"
					}
				},
				{
					"title": "德国",
					"image": "http://chanpin.xm12t.com.cn/images/tourlist/img3.jpg",
					"link": "content-news.html",
					"description": "第一天下午3点福州长乐国际机场集中，度假去喽！怀着一颗期待已",
					"pubdate": "2014-12-25",
					"pubtimestamp": 1419487200,
					"category": {
						"name": "导航A",
						"en_name": "Nav A",
						"link": "list-imagetext.html"
					}
				},
				{
					"title": "英国",
					"image": "http://chanpin.xm12t.com.cn/images/tourlist/img4.jpg",
					"link": "content-news.html",
					"description": "意大利（庞贝古城 卡普里岛 奥尔维耶托 亚西西）欧洲深度探索漫游之旅10天",
					"pubdate": "2014-12-25",
					"pubtimestamp": 1419487200,
					"category": {
						"name": "导航A",
						"en_name": "Nav A",
						"link": "list-imagetext.html"
					}
				},
				{
					"title": "俄罗斯",
					"image": "http://chanpin.xm12t.com.cn/images/tourlist/img5.jpg",
					"link": "content-news.html",
					"description": "意大利（庞贝古城 卡普里岛 奥尔维耶托 亚西西）欧洲深度探索漫游之旅10天",
					"pubdate": "2014-12-25",
					"pubtimestamp": 1419487200,
					"category": {
						"name": "导航A",
						"en_name": "Nav A",
						"link": "list-imagetext.html"
					}
				},
				{
					"title": "意大利",
					"image": "http://chanpin.xm12t.com.cn/images/tourlist/img6.jpg",
					"link": "content-news.html",
					"description": "意大利（庞贝古城 卡普里岛 奥尔维耶托 亚西西）欧洲深度探索漫游之旅10天",
					"pubdate": "2014-12-25",
					"pubtimestamp": 1419487200,
					"category": {
						"name": "导航A",
						"en_name": "Nav A",
						"link": "list-imagetext.html"
					}
				},
				{
					"title": "奥地利",
					"image": "http://chanpin.xm12t.com.cn/images/tourlist/img7.jpg",
					"link": "content-news.html",
					"description": "意大利（庞贝古城 卡普里岛 奥尔维耶托 亚西西）欧洲深度探索漫游之旅10天",
					"pubdate": "2014-12-25",
					"pubtimestamp": 1419487200,
					"category": {
						"name": "导航A",
						"en_name": "Nav A",
						"link": "list-imagetext.html"
					}
				},
				{
					"title": "希腊",
					"image": "http://chanpin.xm12t.com.cn/images/tourlist/img8.jpg",
					"link": "content-news.html",
					"description": "意大利（庞贝古城 卡普里岛 奥尔维耶托 亚西西）欧洲深度探索漫游之旅10天",
					"pubdate": "2014-12-25",
					"pubtimestamp": 1419487200,
					"category": {
						"name": "导航A",
						"en_name": "Nav A",
						"link": "list-imagetext.html"
					}
				},
				{
					"title": "马尔代夫",
					"image": "http://chanpin.xm12t.com.cn/images/tourlist/img9.jpg",
					"link": "content-news.html",
					"description": "意大利（庞贝古城 卡普里岛 奥尔维耶托 亚西西）欧洲深度探索漫游之旅10天",
					"pubdate": "2014-12-25",
					"pubtimestamp": 1419487200,
					"category": {
						"name": "导航A",
						"en_name": "Nav A",
						"link": "list-imagetext.html"
					}
				},
				{
					"title": "斯里兰卡",
					"image": "http://chanpin.xm12t.com.cn/images/tourlist/img10.jpg",
					"link": "content-news.html",
					"description": "意大利（庞贝古城 卡普里岛 奥尔维耶托 亚西西）欧洲深度探索漫游之旅10天",
					"pubdate": "2014-12-25",
					"pubtimestamp": 1419487200,
					"category": {
						"name": "导航A",
						"en_name": "Nav A",
						"link": "list-imagetext.html"
					}
				},
				{
					"title": "澳大利亚",
					"image": "http://chanpin.xm12t.com.cn/images/art_02.jpg",
					"link": "content-news.html",
					"description": "今天天气不错，挺风和日丽的...",
					"pubdate": "2014-12-25",
					"pubtimestamp": 1419487200,
					"category": {
						"name": "导航A",
						"en_name": "Nav A",
						"link": "list-imagetext.html"
					}
				},
				{
					"title": "新西兰",
					"image": "http://chanpin.xm12t.com.cn/images/art_02.jpg",
					"link": "content-news.html",
					"description": "今天天气不错，挺风和日丽的...",
					"pubdate": "2014-12-25",
					"pubtimestamp": 1419487200,
					"category": {
						"name": "导航A",
						"en_name": "Nav A",
						"link": "list-imagetext.html"
					}
				}
			],
			"type": 1,
			"showtype": 3
		},
		{
			"name": "留言板",
			"en_name": "Guest Book",
			"link": "guestbook.html",
			"image": "http://chanpin.xm12t.com.cn/images/tourlist/navicon1.png",
			"description": "这是栏目的一段描述...",
			"content": "&lt;p&gt;这里是页面内容，可以使用html&lt;/p&gt;",
			"type": 5,
			"showtype": 1
		}
	]
}