{
	
	"about": {
		"description": "关于我们",
		"value": {},
		"type": "page",
		"config": {
			"nav_width": 360,
			"nav_height": 359
		}
		
	},	
	
	
			"news":{
		"description": "新闻中心",
		"value": {},
		"type": "list"
	}	,	
	
	
	
		
"pro":{
		"description": "产品中心",
		"value": {},
		"type": "list",
		"config": {
			"width": 175,
			"height": 175
		}
		
		
		
		
		},
		
	



	
	
	
"left_nav":{
		"description": "首页分类",
		"value": {},
		"type": "list"
	}
		
	
	
	
}
