{
    "contact_us": {
		"description": "联系我们栏目",
		"value": {},
		"type": "page",
		"config": {
			"width": 320,
			"height": 200
		}
	},
	"slidepics": {
		"value": [{
			"title": "banner",
			"image": "images/banner.jpg",
			"link": "article/1.html",
			"description": "banner1"
		}, {
			"title": "测试图2",
			"image": "images/banner.jpg",
			"link": "http://www.baidu.com"
		},{
			"title": "测试图3",
			"image": "images/banner.jpg",
			"link": "http://www.baidu.com"
		}],
		"description": "关于我们多图轮播",
		"type": "images",
		"config": {
			"width": 1600,
			"height": 379
		}
	}
	
}