{		
"about": {
		"value": "关于我们",
		"description": "关于我们",
		"type": "page"
	},
	"contact1": {
		"value": "联系我们的更多",
		"description": "联系我们的更多",
		"type": "page"
	},
	
	"products": {
		"value": {},
		"description": "产品展示",
		"type": "list"
	},
	
	"contact":{
		"value":"地址：软件园二期观日路36号201号\r\n电话：0592-23232232\r\n传真：0592-23232232\r\nE-mail：01@eexx.me\r\n",
		"description": "联系我们",
		"type": "textarea"
	},
	"homenavs": {
		"value": {},
		"description": "首页侧边栏目列表",
		"type": "list",
		"config": {
			"filter": "list,page",
			"mustchild": true
		}
	}
}


	



