{



	"pro_list":{
		"description":"首页侧边栏导航",
		"value":{},
		"type":"list"
	}
		,

	
	
"pro":{
		"description": "产品展示",
		"value": {},
		"type": "list",
		"config": {
			"width": 216,
			"height": 216
			
		}
		
	},








"about": {
	    "value": {},
		"description": "关于我们",
		
		"type": "page",	
		
		"config": {
			"nav_width":387,
			"nav_height":142
		}
		
},	



"news":{
		"description": "新闻中心",
		"value": {},
		"type": "list",
		
		"config": {
			"nav_width":387,
			"nav_height":142
		}
	
		
			
	}

	

	
	
	

	
	

	
}
