{	
	"about":{
		"description": "关于我们",
		"value": {},
		"type": "page"
	},
	"products":{
		"description": "产品中心",
		"value": {},
		"type": "list",
		"config": {
			"width":240,
			"height": 192
		}
	},
	"news":{
		"description": "新闻资讯",
		"value": {},
		"type": "list",
		"config": {
			"width":415,
			"height": 415
		}
	},
	"about_bg_big": {
		"value": {
			"title": "XXX",
			"image": "images/about_b.png",
			"link": ""
		},
		"description": "首页关于我们模块左下角的模糊背景图",
		"type": "image",
		"config": {
			"width":565,
			"height": 565
		}
	},
	"img_list":{
		"value":{},
		"description":"首页产品模块10张图片列表",
		"type":"list",
		"config":{
			"width":240,
			"height": 192
		}
	}
}