{
	
    "about_us": {
		"description": "关于我们",
		"value": {},
		"type": "page"
	},
    
	"pro":{
		"description": "产品中心",
		"value": {},
		"type": "list",
		"config": {
			"width": 223,
			"height": 159
		}
	},
	"slidepics": {
		"value": [{
			"title": "banner",
			"image": "images/1.jpg",
			"link": "article/1.html",
			"description": "banner1"
		}, {
			"title": "测试图2",
			"image": "images/2.jpg",
			"link": "http://www.baidu.com"
		},{
			"title": "测试图3",
			"image": "images/3.jpg",
			"link": "http://www.baidu.com"
		}],
		"description": "首页多图轮播",
		"type": "images",
		"config": {
			"width": 1920,
			"height": 559
		}
	},
	"contact_us": {
		"value": "地址：厦门市软件园二期观日路36号201单元\r\n电话：4000-127-808\r\n传真：0592-3503377\r\n邮箱：tousu@xm12t.com",
		"description": "联系我们",
		"type": "textarea"
	},
	"contactimg":{
		"value": {
			"title": "联系我们",
			"image": "images/contact.jpg",
			"link": "http://www.baidu.com/"
		},
		"description": "联系我们栏目图片",
		"type": "image",
		"config": {
			"widht":281,
			"height": 95
		}
	}
}