{

"pro_list":{
		"description":"首页快捷导航",
		"value":{},
		"type":"list"
	}
		,



	    "pro":{
		"description": "产品中心",
		"value": {},
		"type": "list",
		"config": {
			"width":185,
			"height":185
		}
	},
		



		"news":{
		"description": "新闻中心",
		"value": {},
		"type": "list"
		
			
	}	,	
		


		
	"about": {
	    "value": {},
		"description": "关于我们",
		
		"type": "page",
		
	"config": {
			"nav_width":575,
			"nav_height":115
		}

		
		
	}
	



	

	
}
