{

	"slidepics": {
		"value": [{
			"title": "banner",
			"image": "images/banner.jpg",
			"link": "article/1.html",
			"description": "banner1"
		}, {
			"title": "测试图2",
			"image": "images/banner.jpg",
			"link": "http://www.baidu.com"
		},{
			"title": "测试图3",
			"image": "images/banner.jpg",
			"link": "http://www.baidu.com"
		}],
		"description": "头部大轮滚图",
		"type": "images",
		"config": {
			"width": 1002,
			"height": 269
		}
	},
	"links": {
		"value": [{
			"title": "中国站长站",
			"image": "images/1.jpg",
			"link": "article/1.html",
			"description": "友情链接1"
		}],
		"description": "友情链接",
		"type": "images"
	}
	
	
}