{
	"pro":{
		"description":"首页侧边栏",
		"value":{},
		"type":"list"	
	},
	"lstitle":{
		"description": "左侧第二个栏目标题名",
		"value": "联系我们",
		"type": "text"
	},
	"contact_us": {
		"description": "联系我们",
		"value": {},
		"type": "page"
	},	
	"about_us": {
		"description": "关于我们",
		"value": {},
		"type": "page",
		"config": {
			"nav_height":99,
			"nav_width":134
		}
	},
	"news":{
		"description": "新闻中心",
		"value": {},
		"type": "list"
	},
	"case":{
		"description": "案例展示",
		"value": {},
		"type": "list",
		"config": {
			"height":145,
			"width":203
		}
	}
	
}
               


