{
	
	"slidepicsb": {
		"value": [{
			"title": "banner",
			"image": "images/banner.jpg",
			"link": "article/1.html",
			"description": "内页大图"
		}, {
			"title": "测试图2",
			"image": "images/banner2.jpg",
			"link": "http://www.baidu.com"
		},{
			"title": "测试图3",
			"image": "images/banner.jpg",
			"link": "http://www.baidu.com"
		}],
		"description": "内页大图滚动",
		"type": "images",
		"config": {
			"width":1920,
			"height":550,
			"limit": 0
		}
	},
	"contactusfoot":{
		"value": "地址：厦门市软件园二期观日路36号201单元\r 电话：123456789\r 联系人：张三\r",
		"description": "公共底部的联系方式",
		"type": "textarea"
	},
	"links": {
		"value": [{
			"title": "百度贴吧",
			"image": "http://tb2.bdstatic.com/tb/static-common/img/search_logo_big_282cef2.gif",
			"link": "http://tieba.baidu.com"
		}, {
			"title": "百度图片",
			"image": "http://img0.bdstatic.com/static/common/widget/search_box_search/logo/logo_3b6de4c.png",
			"link": "http://image.baidu.com"
		}],
		"description": "友情链接",
		"type": "images",
		"config": {
			"width": 100,
			"height": 60
		}
	},
	"bannerbottomimg":{
		"value": {
			"title": "轮播图底部右侧背景图",
			"image": "images/topba.jpg",
			"link": ""
		},
		"description": "轮播图底部右侧背景图",
		"type": "image",
		"config": {
			"width":160,
			"height":48
		}
	}				
}