{


   "news":{
		"description": "新闻中心",
		"value": {},
		"type": "list"
	
		
	},
	



"about": {
	    "value": {},
		"description": "关于我们",
		
		"type": "page"
	
},	
	


	
	"pro_list":{
		"description":"首页侧边栏导航",
		"value":{},
		"type":"list"
	}
		,
	
	
	
	
	

	
	
	"pro":{
		"description": "产品中心",
		"value": {},
		"type": "list",
		"config": {
			"width": 140,
			"height": 140
			
		}
	}
	
	
	
	
	

	
	
}
