{	
	"hot_news":{
		"description":"新闻内容页底部的图片列表",
		"value":{},
		"type":"list",
		"config":{
			"limit":9,			
			"width": 114,
			"height": 114,
			"star_only": true
		}
	},	
	"link1":{
		"description":"内页侧边栏第二导航第1个子栏目",
		"value":{},
		"type":"list",
		"config":{
			"filter":"list,page"
		}
	},
	"link2":{
		"description":"内页侧边栏第二导航第2个子栏目",
		"value":{},
		"type":"list",
		"config":{
			"filter":"list,page"
		}
	},
	"link3":{
		"description":"内页侧边栏第二导航第3个子栏目",
		"value":{},
		"type":"list",
		"config":{
			"filter":"list,page"
		}
	}		
}