{
	"slidepics": {
		"value": [{
			"title": "banner",
			"image": "images/home_pic_1.jpg",
			"link": ""
		}, {
			"title": "测试图2",
			"image": "images/home_pic_2.jpg",
			"link": ""
		}, {
			"title": "测试图2",
			"image": "images/home_pic_1.jpg",
			"link": ""
		}, {
			"title": "测试图2",
			"image": "images/home_pic_2.jpg",
			"link": ""
		}, {
			"title": "测试图2",
			"image": "images/home_pic_1.jpg",
			"link": ""
		}],
		"description": "多图轮播",
		"type": "images",
		"config": {
			"width":1903,
			"height": 979,
			"limit": 5
		}
	},
    "about": {
		"description": "关于我们",
		"value": {},
		"type": "page"
	},
    "news":{
		"description":"新闻中心",
		"value":{},
		"type":"list"
	},
	"list1":{
		"description":"底部棱形内第二导航第1个子栏目",
		"value":{},
		"type":"list",
		"config":{
			"filter":"list,page"
		}
	},
	"list2":{
		"description":"底部棱形内第二导航第2个子栏目",
		"value":{},
		"type":"list",
		"config":{
			"filter":"list,page"
		}
	},
	"list3":{
		"description":"底部棱形内第二导航第3个子栏目",
		"value":{},
		"type":"list",
		"config":{
			"filter":"list,page"
		}
	},
	"list4":{
		"description":"底部棱形内第二导航第4个子栏目",
		"value":{},
		"type":"list",
		"config":{
			"filter":"list,page"
		}
	}
}
