{
	"news":{
		"description": "新闻中心",
		"value": {},
		"type": "list",
		"config": {
			"nav_height":57,
			"nav_width":253
		}
	},
	"about_us": {
		"description": "关于我们",
		"value": {},
		"type": "page",
		"config": {
			"nav_height":129,
			"nav_width":173
		}
	},
	"contact_us": {
		"description": "联系我们",
		"value": {},
		"type": "page",
		"config": {
			"nav_height":61,
			"nav_width":221
		}
	},
	"contact":{
		"description": "联系我们",
		"value": "联系我们",
		"type": "textarea"
	},
	"pro":{
		"description": "产品中心",
		"value": {},
		"type": "list",
		"config": {
			"height":120,
			"width":174
		}
	}
	
	
	
	
}
               


