{



"pro_list":{
		"description":"首页侧边栏导航",
		"value":{},
		"type":"list"
	}
		,
		
		
		
		
		
	    "pro":{
		"description": "产品中心",
		"value": {},
		"type": "list",
		"config": {
			"width":186,
			"height":186
		}
	},



		
	"about": {
	    "value": {},
		"description": "关于我们",
		
		"type": "page",
		
	"config": {
			"nav_width":220,
			"nav_height":220
		}

		
		
	},	
	


		
	
		"news":{
		"description": "新闻中心",
		"value": {},
		"type": "list"
		
			
	}	
		


	
}
