{
  "list1": {
    "value": {},
    "description": "第一个图文列表",
    "type": "page",
    "config": {
      "width": 200,
      "height": 120,
      "star_only": true
    }
  },
  "lists2": {
    "value": [],
    "description": "第二个图片列表",
    "type": "list",
    "config": {
      "width": 272,
      "height": 272,
      "star_only": true
    }
  },

  "lists3": {
    "value": [],
    "description": "第三个左侧图片列表",
    "type": "list",
    "config": {
      "width": 190,
      "height": 110,
      "star_only": true
    }
  },
  "lis": {
    "value": [],
    "description": "第三个右侧图文列表",
    "type": "list",
    "config": {
      "width": 90,
      "height": 90,
      "star_only": true
    }
  },
  "lists4": {
    "value": [],
    "description": "第四个图片列表",
    "type": "list",
    "config": {
      "width": 274,
      "height": 274,
      "star_only": true
    }
  },
  "lists5": {
    "value": [],
    "description": "第五个图片列表",
    "type": "list",
    "config": {
      "width": 274,
      "height": 274,
      "star_only": true
    }
  }
}