{
	"slidepics": {
		"value": [{
			"title": "测试图1",
			"image": "images/baner.jpg",
			"link": "http://www.baidu.com"
		}, {
			"title": "测试图2",
			"image": "images/baner.jpg",
			"link": "http://www.baidu.com"
		}],
		"description": "大轮滚图",
		"type": "images",
		"config": {
			"width": 414,
			"height": 224
		}
	},
	"image_first": {
		"value": [{
			"title": "测试图1",
			"image": "images/1.jpg",
			"link": "http://www.baidu.com"
		}],
		"description": "首页单图",
		"type": "images",
		"config": {
			"width": 414,
			"height": 485,
			"limit": 1
		}
	},
	"indextext":{
		"value": "这是一段可以多行的描述",
		"description": "首页描述",
		"type": "text"
	}
}