{
 

 
"about": {
		"value": "关于我们",
		"description": "关于我们",
		"type": "page",
		"config":{
			"nav_width": 499,
			"nav_height": 314
		}
	},
	"contact": {
		"value": "联系我们",
		"description": "联系我们",
		"type": "list"
		
	},
	
	
	"products": {
		"value": {},
		"description": "产品展示",
		"type": "list",
		"config":{
			"nav_width": 210,
			"nav_height": 210
		}
	},
	"new": {
		"value": "新闻资讯",
		"description": "新闻资讯",
		"type": "list",
		"config":{
			"nav_width": 216,
			"nav_height": 219
		}
	},
	"contactus": {
		"value": "联系我们1",
		"description": "联系我们1",
		"type": "list",
		"config":{
			"nav_width": 216,
			"nav_height": 219
		}
	},
	"jion": {
		"value": "招商加盟",
		"description": "招商加盟",
		"type": "list",
		"config":{
			"nav_width": 216,
			"nav_height": 219
		}
	},
	
	
	"contact":{
	"value":"地址：软件园二期观日路36号201号\r\n电话：0592-23232232\r\n传真：0592-23232232\r\nE-mail：01@eexx.me\r\n",
	"description": "联系我们",
	"type": "textarea"
			}
			
}
