{
	"slidepics": {
		"value": [{
			"title": "banner",
			"image": "images/banner.jpg",
			"link": "article/1.html",
			"description": "banner1"
		}, {
			"title": "测试图2",
			"image": "images/banner2.jpg",
			"link": "http://www.baidu.com"
		},{
			"title": "测试图3",
			"image": "images/banner.jpg",
			"link": "http://www.baidu.com"
		}],
		"description": "关于我们多图轮播",
		"type": "images",
		"config": {
			"width":1500,
			"height": 377,
			"limit": 3
		}
	},
	"contact_us": {
		"value": "地址：厦门市软件园二期观日路36号201单元\r\n电话：4000-127-808\r\n传真：0592-3503377\r\n邮箱：tousu@xm12t.com",
		"description": "联系我们",
		"type": "textarea"
	},

	"links": {
		"value": [{
			"title": "百度",
			"image": "images/slidepics/1.jpg",
			"link": "{site_url}article/1.html",
			"description": "Although it isn't gooseberry season anymore, I thought I would publish this recipe now because it wo..."
		}, {
			"title": "易尔通",
			"image": "images/slidepics/2.jpg",
			"link": "{site_url}article/2.html",
			"description": "Post-Christmas I find I just can't get enough of Turkey. I always think it is such a shame that I on..."
		}, {
			"title": "新浪",
			"image": "images/slidepics/3.jpg",
			"link": "{site_url}article/3.html",
			"description": "The PS Cafe chain in Singapore is a must visit when in town. I first visited the Paragon branch over..."
		}, {
			"title": "易尔通",
			"image": "images/slidepics/4.jpg",
			"link": "{site_url}article/4.html",
			"description": "A few days ago I began a wardrobe detox. In the new year I always try and start by clearing out my l..."
		}],
		"description": "文字展示",
		"type": "images",
		"config": {
			"width": 800,
			"height": 280,
			"limit": 4
		}
		}
	
}