{
	"slidepics": {
		"value": [{
			"title": "banner",
			"image": "images/banner.jpg",
			"link": "article/1.html",
			"description": "banner1"
		}, {
			"title": "测试图2",
			"image": "images/banner.jpg",
			"link": "http://www.baidu.com"
		},{
			"title": "测试图3",
			"image": "images/banner.jpg",
			"link": "http://www.baidu.com"
		}],
		"description": "banner图",
		"type": "images",
		"config": {
			"width": 1920,
			"height": 496
		}
	},
	"teltext":{
		"value":"咨询热线:",
		"description":"服务热线标题",
		"type":"text"		
		},
	"nychild":{
		"description": "内页的分类",
		"value": {},
		"type": "list",
		"config": {
			"filter": "list,page",
			"mustchild": true
		}	
	},	
	"links": {
		"value": [{
			"title": "百度",
			"image": "images/1.jpg",
			"link": "http://www.baidu.com",
			"description": "友情链接1"
		}, {
			"title": "淘宝",
			"image": "images/2.jpg",
			"link": "http://www.baidu.com",
			"description":"友情链接2"
		},{
			"title": "京东",
			"image": "images/3.jpg",
			"link": "http://www.baidu.com",
			"description":"友情链接3"
		},
		{
			"title": "搜狐网",
			"image": "images/3.jpg",
			"link": "http://www.baidu.com",
			"description":"友情链接5"
		},
		{
			"title": "豆网",
			"image": "images/3.jpg",
			"link": "http://www.baidu.com",
			"description":"友情链接6"
		},
		{
			"title": "环球网",
			"image": "images/3.jpg",
			"link": "http://www.baidu.com",
			"description":"友情链接6"
		}
		],
		"description": "页脚友情链接",
		"type": "images",
		"config":{
			"width":100,
			"height":100
		  }
	    },
	"adr":{
		"value":"地址：厦门市软件园二期观日路36号201单元",
		"description":"底部地址",
		"type":"text"
		}
}