{
	"ggtitle":{
		"value":"网站公告",
		"description":"banner下方公告标题",
		"type":"text"
		},
	"ggnews":{
		"description": "公告列表",
		"value": {},
		"type": "list",
		"config": {
			"star_only": true			
		}	
	},
	
	"child":{
		"description": "banner下方的分类",
		"value": {},
		"type": "list",
		"config": {
			"filter": "list,page"
		}	
	},
	"about": {
		"description": "单页面(关于我们)",
		"value": {},
		"type": "list",
		"config": {
			"filter":"page",
			"nav_width": 235,
		    "nav_height":157
		}
	},
	"pro":{
		"description": "(图片列表)产品展示",
		"value": {},
		"type": "list",
		"config": {
			"star_only": true,
			"nav_width":234,
			"nav_height":158
		}
	},
	"news":{
		"description": "新闻中心",
		"value": {},
		"type": "list",
		"config": {
			"star_only": true			
		}	
	},
	"con":{
		"description": "底部联系方式",
		"value": {},
		"type": "list",
		"config":{
			"filter":"page",
         	"nav_width":745,
         	"nav_height":157
         }
	},
	"contact":{
		"value":"地址：厦门市软件园二期观日路36号201\n\r单元电话：4000-127-808\n\r传真：0592-3503377\n\r投诉中心：tousu@xm12t.com ",
		"description":"首页联系方式",
		"type":"textarea"
	}
}