{
		
	"about": {
	    "value": {},
		"description": "关于我们",
		
		"type": "page",
		
	"config": {
			"nav_width":237,
			"nav_height": 173
		}

		
		
	},	
	


	
	
	
	
			"news":{
		"description": "新闻中心",
		"value": {},
		"type": "list",
			
	"config": {
			"nav_width":340,
			"nav_height": 66
		}
		
			
	}	,	
		
	
	
		

	
	    "pro":{
		"description": "产品中心",
		"value": {},
		"type": "list",
		"config": {
			"width":255,
			"height":255
		}
	}
		
		

	

	
}
