{
	"about": {
		"description": "单页面(关于我们)",
		"value": {},
		"type": "page",
		"config": {
			"nav_width": 420,
			"nav_height": 420
		}
	},
	"product":{
		"description": "首页图片列表一",
		"value": {},
		"type": "list",
		"config": {
			"showchilddata":true,
			"star_only": true,
			"width": 320,
			"height": 260
		}
	},
	"case":{
		"description": "案例书签展示",
		"value": {},
		"type": "list",
		"config": {
			"showchilddata":true,
			"star_only": true,
			"width": 515,
			"height": 306
		}
	},
	"news":{
		"description": "新闻列表",
		"value": {},
		"type": "list",
		"config": {
			"showchilddata":true,
			"star_only": true,
			"width": 307,
			"height": 202
		}
	},
	"feedback": {
		"value": {},
		"description": "留言板",
		"type": "nav",
		"config": {
			"filter": "feedback"
		}
	}
}