{
	"slidepics": {
		"value": [{
			"title": "测试图1",
			"image": "images/banner.jpg",
			"link": "http://www.baidu.com"
		}, {
			"title": "测试图2",
			"image": "images/banner.jpg",
			"link": "http://www.baidu.com"
		},{
			"title": "测试图3",
			"image": "images/banner.jpg",
			"link": "http://www.baidu.com"
		}],
		"description": "大轮滚图",
		"type": "images",
		"config": {
			"width": 640,
			"height": 460
		}
	},
	"child":{
		"description": "关于我们的分类",
		"value": {},
		"type": "list",
		"config": {
			"filter": "list,page"
		}	
	}
	
}