{
 "slidepics":{
   "value":[
     {
       "title":"测试图1",
       "image":"images/banner_03.png",
       "link":"http://www.baidu.com"
     },
     {
       "title":"测试图2",
       "image":"images/banner_03.png",
       "link":"http://www.baidu.com"
     },
     {
       "title":"测试图3",
       "image":"images/banner_03.png",
       "link":"http://www.baidu.com"
     }
   ],
   "description":"大轮播图",
   "type":"images",
   "config":{
     "width":640
   }
 },

  "detBan":{
    "value":[
      {
        "title":"测试图1",
        "image":"images/banner-det_01.png",
        "link":"http://www.baidu.com"
      },
      {
        "title":"测试图2",
        "image":"images/banner-det_01.png",
        "link":"http://www.baidu.com"
      },
      {
        "title":"测试图3",
        "image":"images/banner-det_01.png",
        "link":"http://www.baidu.com"
      }
    ],
    "description":"内页大轮播图",
    "type":"images",
    "config":{
      "width":640
    }
  }
}
