{
	"slidepics": {
		"value": [{
			"title": "banner",
			"image": "images/banner.jpg",
			"link": "article/1.html",
			"description": "banner1"
		}, {
			"title": "测试图2",
			"image": "images/banner.jpg",
			"link": "http://www.baidu.com"
		},{
			"title": "测试图3",
			"image": "images/banner.jpg",
			"link": "http://www.baidu.com"
		}],
		"description": "大图轮播",
		"type": "images",
		"config": {
			"width": 640,
			"height":380
		}
	},
	"sclass":{
		"value":{},
		"type":"list",
		"description":"搜索分类"
	},		
	"titicon": {
		"value": {
			"title": "栏目标题图标",
			"image": "images/yz.png",
			"link": "article/1.html"
		}, 
		"description": "栏目标题图标",
		"type": "image",
		"config": {
			"width": 35,
			"height":39
		}
	}
}