{
	"nylogo":{
		"value": {
			"title": "XXX企业",
			"image": "images/logo1.png",
			"link": "http://www.baidu.com/"
		},
		"description": "网站内页LOGO",
		"type": "image",
		"config": {
			"width":474,
			"height": 126
		}
	},
	"contactimg":{
		"value": {
			"title": "XXX企业",
			"image": "images/recru.jpg",
			"link": "http://www.baidu.com/"
		},
		"description": "联系我们栏目图片",
		"type": "image",
		"config": {
			"widht":281,
			"height": 95
		}
	},
	"slidepics": {
		"value": [{
			"title": "banner",
			"image": "images/banner.jpg",
			"link": "article/1.html",
			"description": "banner1"
		}, {
			"title": "测试图2",
			"image": "images/banner.jpg",
			"link": "http://www.baidu.com"
		},{
			"title": "测试图3",
			"image": "images/banner.jpg",
			"link": "http://www.baidu.com"
		}],
		"description": "多图轮播",
		"type": "images",
		"config": {
			"width": 1500,
			"height": 828,
			"limit": 3
		}
	}
}