{
	
    "about_us": {
		"description": "左上方内容单页（如关于我们栏目）",
		"value": {},
		"type": "page"
	},
	"about_us_img":{
		"value": {
			"title": "内容单页栏目图片",
			"image": "images/aboutimg.jpg",
			"link": "article/1.html"
		},
		"description": "左上方内容单页-栏目图片",
		"type": "image",
		"config": {
			"width": 251,
			"height": 150
		}
	},
	"news":{
		"description": "左下方文字列表页（如新闻栏目）",
		"value": {},
		"type": "list",
		"config":{
			"showchilddata":"true"
		}	

	},
	"pro":{
		"description":"中下方图片列表(如产品展示)",
		"value":{},
		"type":"list"
	},
	"other_pro":{
		"value":{},
		"type":"list",
		"description":"右上方栏目"
	},
	"slidepics": {
		"value": [{
			"title": "banner",
			"image": "images/banner.jpg",
			"link": "article/1.html",
			"description": "banner1"
		}, {
			"title": "测试图2",
			"image": "images/banner.jpg",
			"link": "http://www.baidu.com"
		},{
			"title": "测试图3",
			"image": "images/banner.jpg",
			"link": "http://www.baidu.com"
		}],
		"description": "导航下方的大图轮播（banner）",
		"type": "images",
		"config": {
			"width": 402,
			"height": 299,
			"limit": 6
		}
	}
	
}
               



