{	
	"link": {
		"value": [{
			"title": "百度",
			"image": "images/link_20.jpg",
			"link": "http://www.baidu.com",
			"description": "百度"
		}, {
			"title": "焦点集团",
			"image": "images/link_22.jpg",
			"link": "http://www.baidu.com",
			"description": "焦点集团"
		},{
			"title": "新工作人才网",
			"image": "images/link_24.jpg",
			"link": "http://www.baidu.com",
			"description": "新工作人才网"
		},{
			"title": "新工作人才网",
			"image": "images/link_26.jpg",
			"link": "http://www.baidu.com",
			"description": "新工作人才网"
		},{
			"title": "新工作人才网",
			"image": "images/link_27.jpg",
			"link": "http://www.baidu.com",
			"description": "新工作人才网"
		}], 
		"description": "底部友情链接",
		"type": "images",
		"config": {
			"width": 95,
			"height": 42
		}
	},
	"ban": {
		"value": [{
			"title": "测试图1",
			"image": "images/banner.jpg",
			"link": "http://www.baidu.com"
		}, {
			"title": "测试图2",
			"image": "images/banner.jpg",
			"link": "http://www.baidu.com"
		}, {
			"title": "测试图3",
			"image": "images/banner.jpg",
			"link": "http://www.baidu.com"
		}],
		"description": "大轮滚图",
		"type": "images",
		"config": {
			"width": 1920,
			"height": 400
		}
	}
}