{   
	"slidepics": {
		"value": [{
			"title": "测试图1",
			"image": "images/banner.jpg",
			"link": "http://www.baidu.com"
		}, {
			"title": "测试图2",
			"image": "images/banner.jpg",
			"link": "http://www.baidu.com"
		}, {
			"title": "测试图3",
			"image": "images/banner.jpg",
			"link": "http://www.baidu.com"
		}],
		"description": "大轮滚图",
		"type": "images",
		"config": {
			"width": 1920,
			"height": 718
		}
	},
	"ad_en": {
		"value": "Technology helps the world to create extraordinary",
		"description": "banner下方右侧单页面广告语英文",
		"type": "text"
	},
	"ad_cn": {
		"value": "技术助世界造就非凡1",
		"description": "banner下方右侧单页面广告语中文",
		"type": "text"
	},
	"aboimg": {
		"value": {
			"title": "",
			"image": "images/about_08.jpg",
			"link": "list-page.html"
		},
		"description": "banner下方右侧单页面单图",
		"type": "image",
		"config": {
			"width": 586,
			"height": 341
		}
	},
	"page": {
		"value": {},
		"description": "banner下方单页面",
		"type": "page",
		"config": {
			"nav_width": 485,
			"nav_height": 235
		}	
	},
	"pro": {
		"value": {},
		"description": "中间图片列表",
		"type": "list",
		"config": {
			"width": 327,
			"height": 304
		}	
	},	
	"newslist": {
		"value": {},
		"description": "底部上方文字列表",
		"type": "list"
	}
}


