{

	"product":{
		"description":"图片列表",
		"value":{},
		"type":"list"
	},	
    "about_us": {
		"description": "内容单页（如关于我们）",
		"value": {},
		"type": "page"
	},
	"news":{
		"description":"文字列表（如新闻中心）",
		"value":{},
		"type":"list"
	},
	"cases":{
		"description": "图文列表(如案例展示)",
		"value": {},
		"type": "list",
		"config":{
			"width": 174,
			"height": 107
		}		
	},
	"img_bg1": {
		"value": {
			"title": "背景图1",
			"image": "images/scone.png",
			"link": "http://www.baidu.com/"
		},
		"description": "木板图片1",
		"type": "image",
		"config": {
			"height": 250,
			"width":401
		}
	},
	"img_bg3": {
		"value": {
			"title": "大背景图3",
			"image": "images/aboutbg.jpg",
			"link": ""
		},
		"description": "背景木板",
		"type": "image",
		"config": {
			"height": 595,
			"width":1920
		}
	},
	"img_bg4": {
		"value": {
			"title": "大背景图4",
			"image": "images/casebg.jpg",
			"link": ""
		},
		"description": "底部固定背景图",
		"type": "image",
		"config": {
			"height": 651,
			"width":1920
		}
	},
	"img_bg5": {
		"value": {
			"title": "大背景图5",
			"image": "images/bg4.jpg",
			"link": ""
		},
		"description": "底部固定背景图上方",
		"type": "image",
		"config": {
			"height": 410,
			"width":410
		}
	},		
	"img_bg2": {
		"value": {
			"title": "背景图2",
			"image": "images/lm.png",
			"link": "http://www.baidu.com/"
		},
		"description": "网站左下方背景图2",
		"type": "image",
		"config": {
			"height": 206,
			"width":278
		}
	}
}                     

