{
	"about": {
		"description": "单页面(关于我们)",
		"value": {},
		"type": "page",
		"config": {
			"nav_width": 101,
			"nav_height": 114
		}
	},
	"news":{
		"value": {},
		"description": "首页文字列表(新闻中心)",
		"type": "list",
		"config": {
			"star_only": true
		}
	},
	"case":{
		"description":"滚动图片",
		"type":"list",
		"value": [{
			"title": "测试图1",
			"image": "images/pro1.jpg",
			"link": "article/1.html",
			"description": "banner1"
		}, {
			"title": "测试图2",
			"image": "images/pro2.jpg",
			"link": "http://www.baidu.com"
		}],
		"config": {
			"star_only": true,
			"width": 145,
			"height": 102
		}
	},
	"pro":{
		"description": "首页图片列表滚动",
		"value": {},
		"type": "list",
		"config": {
			"showchilddata":true,
			"star_only": true,
			"width": 145,
			"height": 102
		}
	},
	"contact": {
		"value": {
			"title": "contact",
			"image": "images/cont_07.jpg",
			"link": "article/1.html",
			"config": {}
		},
		"description": "联系我们",
		"type": "image",
		"config": {
			"width": 243,
			"height": 67
		}
	}
}