{

	"slidepics": {
		"value": [{
			"title": "banner1",
			"image": "images/img.jpg",
			"link": "article/1.html",
			"description": "大图轮播1"
		}, {
			"title": "banner2",
			"image": "images/img.jpg",
			"link": "http://www.baidu.com",
			"description": "大图轮播2"
		},{
			"title": "banner3",
			"image": "images/img.jpg",
			"link": "http://www.baidu.com",
			"description": "大图轮播3"
		}],
		"description": "多图轮播",
		"type": "images",
		"config": {
			"width":960,
			"height": 281
		}
	},
	"links": {
		"value": [{
			"title": "百度",
			"image": "images/f1.jpg",
			"link": "http://www.baidu.com"
		}, {
			"title": "易尔通",
			"image": "images/f2.jpg",
			"link": "http://www.baidu.com"
		}, {
			"title": "谷歌",
			"image": "images/f3.jpg",
			"link": "http://www.baidu.com"
		}, {
			"title": "腾讯",
			"image": "images/f4.jpg",
			"link": "http://www.baidu.com"
		}, {
			"title": "小米",
			"image": "images/f5.jpg",
			"link": "http://www.baidu.com"
		}],
		"description": "友情链接",
		"type": "images",
		"config": {
			"width": 104,
			"height": 45
		}
	}

}