{
	"slidepics": {
		"value": [{
			"title": "banner",
			"image": "images/banner.jpg",
			"link": "article/1.html",
			"description": "banner1"
		}, {
			"title": "测试图2",
			"image": "images/banner.jpg",
			"link": "http://www.baidu.com"
		},{
			"title": "测试图3",
			"image": "images/banner.jpg",
			"link": "http://www.baidu.com"
		}],
		"description": "大图轮播",
		"type": "images",
		"config": {
			"width": 640,
			"height":360
		}
	},	
	"nybanner": {
		"value": {
			"title": "内页大图",
			"image": "images/nyimg.jpg",
			"link": "article/1.html"
		},
		"description": "内页大图",
		"type": "image",
		"config": {
			"width": 640,
			"height":275
		}
	}
}