{
	
	"slidepics": {
		"value": [{
			"title": "banner",
			"image": "images/banner_img.png",
			"link": "article/1.html",
			"description": "banner1"
		}, {
			"title": "测试图2",
			"image": "images/banner_img.png",
			"link": "http://www.baidu.com"
		},{
			"title": "测试图3",
			"image": "images/banner_img.png",
			"link": "http://www.baidu.com"
		}],
		"description": "头部大轮滚图",
		"type": "images",
		"config": {
			"width": 980,
			"height": 376,
			"limit": 5
		}
	},
	"links": {
		"value": [{
			"title": "中国站长站",
			"image": "images/1.jpg",
			"link": "article/1.html",
			"description": "友情链接1"
		}, {
			"title": "华军软件园",
			"image": "images/2.jpg",
			"link": "http://www.baidu.com"
		},{
			"title": "网易163",
			"image": "images/3.jpg",
			"link": "http://www.baidu.com"
		}, {
			"title": "微软中国",
			"image": "images/4.jpg",
			"link": "http://www.baidu.com"
		},{
			"title": "优酷网",
			"image": "images/5.jpg",
			"link": "http://www.baidu.com"
		},{
			"title": "天空软件站",
			"image": "images/5.jpg",
			"link": "http://www.baidu.com"
		},{
			"title": "雅虎中国",
			"image": "images/5.jpg",
			"link": "http://www.baidu.com"
		},{
			"title": "百度",
			"image": "images/5.jpg",
			"link": "http://www.baidu.com"
		}],
		"description": "友情链接",
		"type": "images",
		"config": {
			"width": 100,
			"height": 100,
			"limit": 5
		}
	}
	
	

	
	
}