{
	
    "about_us": {
		"description": "关于我们",
		"value": {},
		"type": "page",
		"config": {
			"nav_height": 268,
			"nav_width":234
		}
	},
	
	"pro":{
		"description":"产品展示",
		"value":{},
		"type":"list",
		"config": {
			"height": 150,
			"width":120
		}
	},
	"news":{
		"description": "新闻中心",
		"value": {},
		"type": "list"
	},
	"contact_us":{
		"description": "联系我们",
		"value": {},
		"type": "page",
		"config": {
			"nav_height": 127,
			"nav_width":424
		}
	}
	
}
               


