{
	"slidepics": {
		"value": [{
			"title": "测试图1",
			"image": "images/1.jpg",
			"link": "",
			"description": "首页大图"
		}, {
			"title": "测试图2",
			"image": "images/2.jpg",
			"link": ""
		},{
			"title": "测试图3",
			"image": "images/3.jpg",
			"link": ""
		}],
		"description": "多图轮播",
		"type": "images",
		"config": {
			"width":1920,
			"height":573,
			"limit": 6
		}
	},	
	"caselists": {
		"value": [{
			"title": "图片展示1",
			"image": "images/3.jpg",
			"link": "",
			"description": "图片展示"
		}, {
			"title": "测试图2",
			"image": "images/1.jpg",
			"link": ""
		},{
			"title": "测试图3",
			"image": "images/2.jpg",
			"link": ""
		}],
		"description": "多图轮播",
		"type": "images",
		"config": {
			"width":223,
			"height":260,
			"limit": 6
		}
	}

		
}