{
	"pro": {
		"description": "产品展示",
		"value": {},
		"type": "list",
		"config": {
			"width": 378,
			"height": 304
		}			
	},"prolist1":{
		"description": "首页轮播图下栏目1",
		"value": {},
		"type": "list",
		"config": {
			"width": 274,
			"height": 247,
			"star_only": true
		}	
	},"prolist2":{
		"description": "首页轮播图下栏目2",
		"value": {},
		"type": "list",
		"config": {
			"width": 274,
			"height": 247,
			"star_only": true
		}	
	},"prolist3":{
		"description": "首页轮播图下栏目3",
		"value": {},
		"type": "list",
		"config": {
			"width": 274,
			"height": 247,
			"star_only": true
		}	
	}
}
