{
		
		
	
		"about": {
	    "value": {},
		"description": "关于我们",		
		"type": "page",		
		"config": {
			"nav_width":843,
			"nav_height":188
		}
		
	}   , 	


		"case":{
		"description": "案例展示",
		"value": {},
		"type": "list",
		"config": {
			"width":300,
			"height":300
		}
	}   , 	
	
 
	

	

	
	
	
		"products":{
		"description": "产品中心",
		"value": {},
		"type": "list",
		"config": {
			"showchilddata":true,
			"star_only": true,
			"width":196,
			"height":196
		}
	}   , 
	
	
	
		"news":{
		"description": "新闻中心",
		"value": {},
		"type": "list",
		"config": {
			"nav_width":315,
			"nav_height":440
		}

	}   


	
}
