{
"about": {
	    "value": {},
		"description": "关于我们",
		
		"type": "page",	
		
		"config": {
			"nav_width":563,
			"nav_height":207
		}
		
},	

"news":{
		"description": "新闻中心",
		"value": {},
		"type": "list"
		
		
			
	},

"pro_list":{
		"description":"首页侧边栏导航",
		"value":{},
		"type":"list"
	}
		,

	
	
"pro":{
		"description": "产品展示",
		"value": {},
		"type": "list",
		"config": {
			"width": 290,
			"height": 290
			
		}
		
	}



	

	
}
