{

	
	
"pro":{
		"description": "产品展示",
		"value": {},
		"type": "list",
		"config": {
			"width": 250,
			"height": 250
			
		}
		
	},




"news":{
		"description": "新闻中心",
		"value": {},
		"type": "list",
		
		"config": {
			"width":135,
			"height":108
		}
	
		
			
	},





"about": {
	    "value": {},
		"description": "关于我们",
		
		"type": "page",	
		
		"config": {
			"nav_width":360,
			"nav_height":140
		}
		
},	
	
	
	
"contactus":{
        "value": "电 话:0592-7083933\r\n 手  机:1379978730\r\n 联系人:谢先生\r\n 传  真:0592-5535933\r\n 邮  箱：jms_jx@126.com \r\n 地址：厦门软件园二期观日路52号A栋201A\r\n 工厂地址：厦门市翔安区新",
		"description": "联系方式",
		"type": "textarea"
		
	},

	
	
			
	"contact_us": {
		"description": "联系我们绑定",
		"value": {},
		"type": "page",
		"config": {
			"nav_width":290,
			"nav_height":62
		}
		

	}	
	
	

	
	

	
}
