{
	"news":{
		"description":"文字列表（如新闻中心）",
		"value":{},
		"type":"list"
	}, 
    "about_us": {
		"description": "内容单页（如关于我们）",
		"value": {},
		"type": "page",
		"config":{
			"width":225,
			"height":170
		}
	},
	"pro":{
		"description": "图片列表(如产品展示)",
		"value": {},
		"type": "list",
		"config":{
			"width":140,
			"height":122
		}		
	},
	"case":{
		"description": "图片列表(如案例展示)",
		"value": {},
		"type": "list",
		"config":{
			"width":140,
			"height":122
		}		
	}
}                     

